given_name,surname,street_number,address_1,address_2,suburb,postcode,state,date_of_birth,recid,uid
,waller,6,tullaroop street,willaroo,st james,4011,wa,19081209,6988048,0
lachlan,berry,69,giblin street,killarney,bittern,4814,qld,19990219,7364009,1
deakin,sondergeld,48,goldfinch circuit,kooltuo,canterbury,2776,vic,19600210,2635962,2
kayla,harrington,,maltby circuit,coaling,coolaroo,3465,nsw,19150612,9004242,3
luke,purdon,23,ramsay place,mirani,garbutt,2260,vic,19831024,8099933,4
,trevorrow,16,dumas street,2/98-latchford barracks,mount immaney,2281,wa,19530313,4811642,5
darcie,turtur,10,blacket street,eureka,beverly hills,2263,nsw,,2025650,6
william,bishop,21,neworra place,apmnt 65,worongary,6225,qld,19490130,9773843,7
,lombardi,36,yerralee road,leisure living vlge,carlsruhe,3149,qld,19870919,1613132,8
,julius,52,florey drive,north stirling downs,coolaroo,2259,qld,19630521,1797144,9
abbey,fit,13,kosciusko avenue,the wharf complex,yass,2594,nsw,19870510,7661096,10
isabella,lodder,156,messenger street,tongbong sanctuary,bayswater,4870,vic,19650714,2790666,11
anthony,beazley,12,birubi place,currandina,flemington,2477,qld,19730924,6558077,12
alia,streich,74,maranoa street,rocky bend,rowville,6152,vic,19790418,1975340,13
,stephenson,52,,north stirilng downs,coolaroo,2259,qld,19630521,1797144,14
alissa,kilmartin,37,reveley crescent,crown allot,wolumla,6210,nsw,19041118,7994055,15
jacob,lyden,25,haddon street,glenview,woodville north,2226,qld,19910424,6426415,16
evangelia,shepherd,9,crichton crescent,mirilla,lutwyche,2794,qld,19900909,3877160,17
paige,lowe,3,chave street,keelee,gowwie,2906,qld,19140707,2534242,18
alexa-rose,lowe,67,ballarat street,the willows,westwood,4011,nsw,19691123,2624157,19
kirra,brock,93,clarnette place,backwoodlands,orbost,2528,vic,19231209,5107876,20
paige,lowe,3,chave street,keelee,gowrie,2906,qld,19140707,5860195,21
liam,mcphail,94,langdon avenue,jandarra,patterson lakes,3029,qld,19920711,2109237,22
john,van't hof,5,morshead drive,ocean crt (cnr beach s street,maida vale,2745,vic,19360109,9574272,23
chloe,reitler,14,daley crescent,halfway hill,ballina,6164,qld,19171028,7162356,24
elle,nicklason,5,beetaloo street,,trafalgar,5107,wa,19460919,5092794,25
kyle,limbert,7,dandenong court,the pinnacle,springwood,3143,nsw,19080527,2479285,26
jacob,di chiera,61,bimbiang crescent,the manor garden,unanderra,4680,nsw,19610831,2176932,27
dakota,morrison,33,longmore crescent,three acres,brookvale,2710,nsw,19151229,5031530,28
spyke,schumann,78,clark close,pine tree,tannum sands,2326,nsw,19020422,6677685,29
anneliese,clarke,109,arawang,langdon avenue,pakenham,3114,nsw,19000404,9135773,30
amelia,ryan,35,sidaway street,jemalong retrmnt vlge,avalon,3184,nsw,19230301,1613259,31
kydan,mccarthy,67,clemenger street,the points holsteins,fairlawn,6415,nsw,19720518,6527653,32
georgia,gryosler,8,foxall street,willaroo,lockwlod,3338,nsw,19321106,8000491,33
bailey,campbell,136,porteous crescent,teasdale park,albany creek,3942,vic,19830721,8875552,34
lachlan-john,green,5,,canobolas caravn park,blacktown,2089,nsw,19610527,1361558,35
kelsey,halligan,3,dilboong place,rosetta village,kedron,6027,nsw,19900301,8576385,36
paterson,madeleine,13,,,young,5045,nsw,19300302,2277800,37
tori,keoh,1,tallara p arkway,,wangaratta,2223,vic,19601101,5089409,38
,siwggs,1,givens srteet,bonnington,kyogle,2170,qld,19521123,1256379,39
alexa-rose,lowe,67,ballara t street,the willows,westwood,4012,nsw,19691123,2624157,40
gemaley,matthews,388,goessling place,evergreen,pennant hills,3194,nsw,19730829,4691516,41
joshua,rickett,1,burraly corut,malladuo,belleve hill,2439,act,19030121,4310453,42
willow,ryan,,bradfield street,sec 209 clifton farm,mount c olah,4035,nsw,19930803,3832827,43
emma,green,30,learmonth drive,wallace heights,boundary bend,2747,qld,19310903,9262880,44
kelsey,halligan,3,dilboong place,,kedron,6027,nsw,19900301,8576385,45
jack,berry,4,esperance street,landen,black rock,2763,vic,19020712,6151476,46
alexandra,boulter,22,tazewell circuit,berkeley vlge,potts point,2450,vic,19420722,5269403,47
,hefford,1,armstrong crescent,,payneham,5502,vic,19440805,9162672,48
cambetll,hursey,3,corona place,sweet w atdrs,toowoomba,3980,sa,19870526,7118146,49
hayd en,geraghty,41,macneilplace,willow wood,frenchs forest,3011,vic,19121130,8624403,50
,querzoli,75,sloane place,park lane estate,mount eliza,3083,nsw,19860522,4577875,51
monique,gergely,21,harwood court,hybernia park,sherwood,2207,nsw,19790807,7375144,52
layla,ryan,720,tregellas crescent,carinya vlge,collinswood,3400,nsw,19920526,7041054,53
justin,clarke,12,ahmatt street,moline ivllage,rowvil le,6150,vix,19990220,6779471,54
rourke,webv,5,welsby pnlace,bungarra,island b each,6020,nsw,19780601,8955738,55
kyra,webb,9,boolee street,,freemans reach,4870,vic,19470429,3308042,56
imogen,akroyd,8,everard street,strathalan community,marsfield,3219,qld,19361218,4817613,57
chloe,gillard,3,crispcir cuit,ban skia,kenilworth,4218,wa,19200820,8072668,58
joshua,garthwaite,24,mcclintock street,hallsville,avoca,3175,nsw,19050703,5226643,59
lachlan,jukic,2,morgan crescent,parklea,raymond terrace,2250,nsw,19780702,4027998,60
cononr,lutz,55,burkitt street,connoisseur quarterhorses,the basin,3166,vic,19970727,6308695,61
rosie,reid,256,coghill close,,blackown,5253,act,19770714,8349921,62
darcy,jolly,7,antill street,agarabi,godwin beach,4173,nsw,19891008,7208848,63
isabella,defrancesco,24,meyrick place,marx garden world,wellingotn point,2759,vic,19040819,8342399,64
jessica,noble,42,boolimba crescent,lashbrooke,cranbourne,2219,vic,,7984432,65
charlotte,robson,23,nicholas street,kellwood,,2280,vic,19620503,9419113,66
thomas,wijedasa,152,powers place,carney's arcade,bowen hills,6021,tas,19820415,8129413,67
zakariah,hoyland,82,rooth place,pindara medical centre,dianella,6164,qld,19900707,6754522,68
chloe,jayaraman,33,eungella street,victoria mill estate,broken hill,3172,nsw,19590818,4910207,69
alice,bellchambers,267,swanton street,tallow-wood,blacktown,3136,vic,19381230,8676818,70
joshua,rickett,1,burraly court,malladup,new farm,2439,act,19030121,4310453,71
eliza,sharon,120,brinsmead street,chactor,greenacre,3214,nsw,19950112,2497676,72
fraser,marlow,8,evelyn owen crescent,yarandoo wing,ermington,3000,nsw,19731008,2195286,73
,durr,11,cochrane crescent,spyla w farm,south perth,2795,wa,19810628,6794161,74
liam,fitzpatrck,55,schonell circuit,,coffs harbour,6285,nsw,19321022,5663386,75
brydon,webb,11,walker crescent,bugoren,charlestown,6258,nsw,19190528,4191569,76
chloe,reitler,14,daley crescent,halfway hill,ballinga,6146,qld,19171028,7162356,77
bordin,brody,45,canberra centre (next to medicare),corombie,figtree,2485,qld,19510904,8728984,78
jacynta,hoffman,4,marrakai street,tantallon,munruben,2042,nsw,19320417,4705328,79
olivia,,65,hobart place,sec 791,lalor park,2090,vic,19200321,2042439,80
mikayla,caruana,37,torrens street,boronia,dianella,2761,qld,19590901,6041595,81
justin,clarke,12,ahmatt street,moline village,rowville,6105,vic,19990220,6779471,82
,jervis,19,rickard place,evergreen,east gresford,4060,qld,19330212,1333372,83
catherine,couzens,41,balamara street,landen,frankston,2099,wa,19080905,8642862,84
tyron,dixon,45,grund place,zintara,munruben,2167,vic,19940207,8837588,85
rhys,jeffries,3,whistler place,pepin,thornlands,4216,nsw,19200821,3750223,86
jordan,lavis,12,ranken place,rosebery hill,piggabeen,0870,nsw,19640314,4307152,87
,collinson,4,boddington crescent,,illabo,2261,nsw,19840807,2427882,88
kyle,brain,256,coghill close,bay city plaza,blacktown,5253,act,19770714,8349921,89
angelina,reece,34,wray pylace,brookto nh ouse,toowoomba,7140,qld,19350613,7961545,90
francesco,finl ay,159,chippindall circuit,,burleigh waters,6236,nsw,19000713,7391179,91
georgia,kyriacou,21,carumbi place,kindberg,banyo,2340,vic,19280827,9890107,92
robert,ranson,9,crease place,,calliope,4053,vic,19600702,1133078,93
isabekle,spratt,16,bastow circuit,kurrajogn,shoalwater,2587,qld,,5074015,94
,sedecki,12,derrilin place,longstay caravn park,blackheath,4061,nsw,19801116,2990764,95
thomas,graue,4,dinnison gcircuit,vila 178,clovelly,4123,wa,19120911,5760570,96
matthew,green,28,banks srteet,old ffarm,mooroofbark,6108,nsw,19161230,6391014,97
darcie,fleet,13,fellows street,braeburn,somerton park,2284,vic,19950307,1563705,98
,morrison,35,minehan place,lumley,burn side,5167,tas,19620920,1541342,99
jarvis,ryan,82,buckman place,,inneston,2614,vic,19700922,6893056,100
cooper,culbertson,30,dow street,,sea lake,4020,qld,19951031,7943540,101
jord an,blake,2,moore street,fleurbaix,armida le,2477,vic,19790710,6981185,102
alissa,kilmatrin,37,reveley rescent,crown allot,wolumla,6210,nsw,19041118,7994055,103
connor,lutz,55,burkitt street,connoisseur quarterhorses,the basin,3166,vic,19970727,6308695,104
giuliana,hammill,83,cobby sjtteet,parish takowahl,potts point,3736,nsw,19941108,1238636,105
kyle,ryan,15,ind place,rocklea,port augusta,4305,nsw,19411102,2059726,106
madeleine,paterson,,brigalow street,,young,5045,nsw,19300302,2277800,107
caitkin,,,rymill place,airforce memor ial estate,mount gravatt,3146,vic,19980804,8342575,108
james,bradshw,,reader court,claytoh farm,milo park,2322,,19060730,4960757,109
jacob,varwano,,magrath crescent,bandrea,auburn,2210,vic,19411202,1499165,110
jordan,thaba,2,moore street,fleurbaix,armidale,2477,vic,19790710,6981185,111
varano,max,16,birrigaisquare,arabian stud ielkette park,dandenong north,6051,vic,19700713,7737012,112
ashley,white,25,jacka crescent,red gate,marmong point,7250,wa,19280224,5596702,113
mccarrhy,timothy,517,sidawawytreet,ballawina stud,northcliffe,4350,nsw,19530607,6601394,114
sar,coffey,3,mckinlay street,beechowrth,huonville,4558,vic,19150306,1706049,115
georgia,wilde,2,warra creek,freda gibsom circuit,,2154,sa,19550212,6569089,116
holly,siemers,8,strachan place,,beaudesert,2104,sa,19610319,4858108,117
caleb,dixon,1429,glenmore,lambel lvose,toronto,3634,tas,19860422,3569365,118
anneliese,clarke,16,langdon avenue,arawang,pakenham,3114,nsw,19000404,9135773,119
william,lipscombe,14,clift crescent,willandra,malvern east,3073,nsw,19260101,3537397,120
marianne,rees,6,nerli place,weeroona,mansfield,3644,sa,19770628,4235561,121
brinsmead,amelia,73,mackennal street,belgradezpark,wellington point,2046,vic,19810831,4182058,122
alexa-rose,campblel,17,neeld place,,narooma,2205,qld,19490410,1531199,123
timothy,mccarthy,517,sidaway street,ballawinna stud,northcliffe,4350,nsw,19530607,6601394,124
kyle,rundle,107,greenhood place,willowd trees,brigthon,5074,nsw,19460902,6532949,125
nicholas,donaldson,3,,forest glen resort,kogarah,3136,nrw,19211230,9407354,126
jemima,mcveigh,14,becker uplace,,armidale,3107,sa,19600320,8051824,127
callum,grossman,3,downard street,st vincents medical centre,wangaratta,4211,nsw,19770402,7743698,128
jade,p aine,21,rose scotet circuit,,taringa,4405,nsw,19191105,7184624,129
,wilde,47,the canberra hospital,darwiniaerrace,melville,3929,vic,19270428,6646723,130
lacey,clarke,54,starritt place,st fra ncis vlge,goomalibee,2600,wa,19700209,9397537,131
nicholas,campbell,87,poynton street,karma park,albion park,4655,qld,19041212,9882754,132
,coffey,8,buller crescent,sheep sttion,,4800,vic,19490409,3924737,133
jacynta,hoffman,4,marrakai srteet,tantallon,munruben,2153,nsw,,4705328,134
carlin,clarke,13,loch street,anzac house (cnr archer s street,kyabram,5040,vic,19891111,3670162,135
caleb,radic,17,moon place,cooralook,south perth,4305,nsw,19471021,6519229,136
nicholas,prideaux,9,hicks street,loccn 7229,bondi junction,5011,sa,19420429,1107619,137
mikayla,egan,109,heidelberg street,peppermint springs bendoc,mermaid waters,3875,,19731003,8652616,138
isabella,fitzptarick,10,tompsitt court,sanlyn,corio,6340,nsw,19771224,5262341,139
lily,huxley,45,currie crescent,waribalda,beverly hills,2073,qld,19510420,4379936,140
hananh,isola,26,barlow steet,aptmnt 240,clayton,4350,act,19320106,9013800,141
emma,gildea,2,mccawley street,nr cnr school art,malvern,6722,qld,19440429,8069828,142
reeve,mileq,2,renwick lwtreet,yarra bee,barwon heads,2342,nsw,19810406,1067923,143
sophie,lovelock,26,durraw een,chant street,williamstown,2650,vic,19371233,3072763,144
jacob,green,2,jerome place,kalke,kings cross,6050,act,19770519,4058972,145
nicholas,ryan,59,windeyer street,mafeking,belmont,4031,sa,19421110,8430399,146
mccarthy,kydan,67,clemengerxstreet,the points holsteins,fairlawn,6452,nsw,19729518,6527653,147
amelia,kimmonth,25,grace place,welikrak,barwon heads,2012,vic,,5751890,148
adam,crouch,930,crozier circuit,willow side jersey stud,cressy,3777,nsw,19011112,3380075,149
darcie,turtur,10,blacket street,eureka,beverly hills,2263,nsw,19570422,2025650,150
hugo,alderson,440,mccombie street,rosedale,malvern east,5023,nsw,19150416,5572942,151
kyle,glass,87,wyselaskie circuit,apt 710,wyong,3390,nsw,19241221,6908529,152
isabella,walpole,31,donnison place,gairnshiel rsd 225,dapto,2390,nsw,19881222,6386893,153
william,green,68,snowden place,heatherdale,burringbar,2750,vic,19150804,9080722,154
,green,30,wallace h eights,learmonth drive,boundary bend,2747,qld,19310903,9262880,155
tiahana,gaskin,12,crispcircuit,community hospt lmedcl centre,kurri kurri,2624,vic,19190716,4264536,156
chloe,whetstone,59,chuculba crescent,telooma,hamilton,3000,vic,19910803,1173489,157
chloe,kyriacou,12,mulga street,inglewood,mitcham,4031,nsw,19480827,3985717,158
thomas,shepherd,4,dinnison circuit,vila 178,clovelly,4123,wa,19120911,6706820,159
,hoffman,1,brooker street,,lockles,2070,wa,19760226,6891487,160
sarah,bradshaw,4,de littlezcircuit,mermaid plaza dentalyrcentre (cnr gold co,canley vale,3065,nsq,19090923,1686730,161
alexa-rose,campbell,17,neeld place,milton,narooma,2205,qld,19490410,1531199,162
joshua,dolan,98,colborne place,warowie,lindfield,3568,nsw,19521116,9500871,163
hannah,green,65,jacka crescent,rmbe 770,sunshine beach,2086,nsw,19350612,4219398,164
mikayla,caruana,37,torrens street,bor onia,dianelka,2716,qld,19590901,6041595,165
india,negrean,1,barringer street,sherwood,parkinson,3168,nsw,19860923,2097928,166
daniel,morrison,25,bellchambers crescent,ascot park,point samson,4514,vic,19620316,8699433,167
benjamin,kirchener,12,stuart street,wurrami,theodore,2620,wa,19751110,1766048,168
joel,bordin,45,canberra centre (next to medicare),corombie,figtree,2485,qld,19510904,8728984,169
jayde,grosser,41,gundaroo road,,baringhup,3173,vic,19281101,6423689,170
sienna,georege,22,hoad place,kondalilla,burwood east,3860,nsw,19661026,9123905,171
joshua,garthwaite,42,mcclintock street,hallsville,avoca,3175,nsw,19050703,5226643,172
bne,browen,42,tillyard drive,willow wood,mentone,2231,vic,19241201,5216720,173
caitlin,,,rymill place,airforce memorial estate,mount gravatt,3146,vic,19980804,8342575,174
jackson,cmielewski,76,angliss place,brookvale,tweed heads south,3082,vic,19141022,7997511,175
rhys,jeffries,3,whistlerplace,pepin,thornlands,4216,nsw,19200821,3750223,176
tia,gols,101,boron ia drive,the cabin,sunnybank,3020,sa,19961121,7459384,177
michael,nguyen,,roseworthy crescent,underbank,colac,2198,qld,19011004,5908395,178
samuel,campbell,32,mosman place,,north beach,2617,nsw,19430607,5538479,179
laura,stubbs,68,eyre street,westwood homestead,,4871,qld,19621222,1310830,180
andrew,bradshaw,238,berne crescent,civic centre,greensborough,3095,sa,19941118,6385462,181
barnaby,shereston,1,margany street,flt 2a,keysborough,5045,wa,19961009,8585130,182
mitchell,mcconnel,5,templeton street,gle n ayre,camdn,2500,vic,19370615,3413425,183
lexie,cochrane,,paul coe crescent,ararat retirement village,auburn,2904,tas,19320809,4618363,184
isabella,ayrse,1075,arthur circle,grevilal est,glewnood,5121,qld,19531230,9208787,185
riley,siviur,15,tubb plqace,roxor,,3186,nsw,19080709,4038966,186
lucas,rawldings,11,paul coe drescent,,wanniassa,6122,vic,19141102,5141107,187
peta,coffey,8,buller crescent,sheep station,,4800,vic,19490409,3924737,188
alice,bellchambers,267,swanton wtreet,tallow-bwood,blacjtwon,3136,vic,19381230,8676818,189
darcy,jolly,7,antill street,agar abi,marsfield,4173,nsw,,7208848,190
ethan,scrbak,2489,de burgh street,glendaurel,como,3156,vic,19100409,8766958,191
kyleh,reuter,185,padbury street,burnside,ballrat,4703,nsw,19251011,6546519,192
jasmine,frahn,55,mckail crescent,keanlr,cooktown,3020,nsw,19040608,4013078,193
darcy,hochunli,22,lawrence close,,sefton park,2380,tas,19370607,8750602,194
mcphail,benjamin,33,straliaplace,martins wele station,umina beach,4814,qld,19540903,6563107,195
zachary,lodge,28,monaro highway,akenfield,sandy bay,4109,qld,19790613,3535105,196
nicholas,donaldson,3,,forest glen resort,kogarah,3136,nsw,19211230,9407354,197
jarrod,polak,10,parsons street,nareen gardens hostel,elsternwick,6317,nsw,19330222,4360449,198
zachary,lodge,28,monaro highway,akenfield,malvern east,2200,qld,19790613,2678628,199
thomas,wijedasa,152,powers place,carney's arcade,bowen hills,6021,tas,19820415,8192413,200
,kolodina,66,darmody lstreet,split solitary caravn park,wheeo,2317,vic,19610520,1601763,201
clodqgh,green,68,snowden place,heatherdale,burringbar,2750,vic,19150804,9080722,202
annabelle,clapham,312,martley circuit,aptmnt42,worrigee,4160,nsw,19960703,9692668,203
thomas,papanikolopoulos,14,doolanz court,frank jeffry hostel,ulladulla,4356,vic,19241204,7849076,204
bryce,fabel,3,nangor street,sherwood,beaumaris,2484,qld,19540519,5014276,205
lilian,griffen,155,lambert street,broadbridge manor,kilsyth,4829,vic,19381213,7355934,206
edward,ryan,35,sidaway street,jemalong retrmnt vlge,avalon,3184,nsw,19230301,4392917,207
kyle,nobel,207,,rowethorpe,ellaswood,3148,nsw,,8121172,208
ash,worsley,3,russell drysdale crescent,gull cottage,greensborough,4032,nsw,19960512,5164697,209
meaney,shantal,15,cockcroftavenue,sebaank,pakenham,2114,vic,19810717,9937720,210
eliza,sharon,120,brinsmeda street,chacor,greenapre,3214,nsw,19950112,2497676,211
daniel,marcic,11,barnes place,country club,wynnum west,5108,wa,19310308,8550692,212
isabelle,lowe,27,kangairlla,grainger circuit,point turton,2450,vic,19980310,7007836,213
bailey,blake,31,foxall street,nioka,miling,7322,nsw,,4346541,214
chloe,mayer,160,tuthill place,poldoe park,illawarra,2214,wa,19800326,3867233,215
andrew,bradshaw,238,berne creswcent,,greensborough,3059,sa,19941118,6385642,216
jarrod,polak,10,parsons street,nareen gardens hostel,elsternwikc,6317,sa,19330222,4360449,217
lexie,cochrane,,ararat retirement village,paul coe crescent,auburrn,2940,tas,19320809,4618363,218
finley,haeusler,27,noarlunga crescent,spring ridge,nambour,3180,vic,19660711,3025217,219
joshus,maclennan,41,karsjl,roper nplace,eight mile plains,2795,qld,19700525,8982317,220
kyle,ryany,14,ind place,rocklea,port augusta,4350,nsw,19411102,2059726,221
anthony,berry,11,a'beckett street,hd curramulka,minchinbury,3930,sa,19370703,8728762,222
adriana,rudd,7,dickson chiropractic dickson chambers,mcivor house,kilsyth,3910,qld,19501217,2016313,223
thomas,morcom,16,alexandria street,trapalanda,vermont south,3714,vic,19800706,4569567,224
phillip,ellem,41,outtrim avenue,ainslie house,avalon,3083,qld,19490902,3187616,225
stephanie,rumbal,26,sollya place,erina ardns,galston,6285,nsw,19150614,5779913,226
jack,spawton,43,jevons place,locn 1025,greenacre,6014,qld,19080317,3656816,227
jayde,grosser,55,gundaroo road,,baringhup,3173,vic,19281101,6423689,228
,kilby,,collicott circuit,lassaan,success,2795,,19040302,2952029,229
carlin,clarwke,13,loch street,anzac house (cnr archer s street,kyabfam,5040,vic,19531013,3670162,230
talia,ho,117,illingworth street,liselivan,wynnum west,3201,vic,19740208,2143356,231
barnaby,shereston,1,margany street,,keysborough,5045,wa,19961009,8585130,232
karli,alderson,144,nulsen circuit,iowanna,tingalpa,3139,nsw,19510826,9541034,233
cliare,priebe,39,stacy street,st francis vlge,clarence park,2145,vic,19900203,5569305,234
beal,jared,9,palmer street,hollybiooke,southern river,4811,nsw,19400526,7240930,235
brooklyn,manson,27,clive steele avenue,port fairy road,mount low,3450,vic,19710727,4493900,236
sarah,schepers,118,tattersall crescent,coaake,kyogle,2212,nsw,19260705,3474290,237
jack,burford,26,noongale court,kiandra,highgate,2614,vic,19101115,3392254,238
emiily,kowald,18,daglish street,oakd ale,avalon,3030,vic,19250313,1590627,239
zachary,pringle,16,evergood close,emerywood,satur,2160,nsw,19410809,2770074,240
isaac,schepoirs,118,tattersall crescent,coaake,kyogle,2212,nsw,19861116,3474290,241
emiily,wynne,51,bungonia street,glenbrae,burringbar,2210,sa,19760814,2855156,242
brooke,pennell,32,jervois street,wheatlea,mooraobbin,4821,nsw,19641212,7585474,243
isaac,quilliam,11,namatjira drive,delaware,geelong west,3072,nsw,19930926,1556150,244
kob,korbut,1,kennewell xplace,heights estate,blacktown,4390,wa,19090519,9712042,245
troy,reid,1,allan street,townview,page,2774,qld,19250727,3580821,246
guthridge,thomas,6,brunswick circuit,tintagel,avondale heights,2073,vic,19080625,4255165,247
erin,reid,2,temperley street,,venusbay,2705,nsw,,7311880,248
nicholas,matthews,19,james smithi circuit,old wefeoona,dulwic hhill,4170,sa,19570116,9908807,249
riley,ho,53,discovery street,rockview,orange,2011,wa,19000702,5033334,250
fiona,worsley,59,gingana street,thorndale,dysart,2193,vic,19960902,9804147,251
india,negrean,1,barringer street,sherwood,parkinson,3168,wa,19860923,2097928,252
,webb,11,walker crrscent,bugoren,charlstown,6258,nsw,19190528,4191569,253
oakleigh,fitzpatrick,16,archdall street,clear creek,north amr,2122,gas,19580922,6731902,254
cambell,hursey,3,spinifex street,sweet waters,toowoomba,3980,sa,19800422,7118146,255
kirrah,mccarthy,79,laseron place,rowethorpe,winmalee,2073,wa,19400306,2583973,256
pace,blake,12,goble street,ashleigh house bergen court,haddon,3056,vic,19751212,1356319,257
anthony,berry,11,a'beckett street,,minchinbury,3930,sa,19370703,8728762,258
mitchell,scrbak,950,holyman street,berkeley vlge,safety bay,4300,qld,19060811,3592109,259
claudia,eglin ton,50,glenelg street,lans downe,roleystone,4556,vic,19811022,6033620,260
kyah,ngai,56,shoalhaven avenue,the nount,culburra,3083,vic,19630406,9351600,261
callum,fauser,4,sandover circuit,eagleview,clare,3021,nsw,19970227,2873125,262
,harrington,103,adair street,the lakes retirement village,beaumont,4556,vic,19610510,7008577,263
,cogzell,1,armstrong crescent,cromdale,payneham,5502,vic,19440905,9162672,264
nicholas,toso,,carnegie crescent,moonah,mullumbimby,5109,wa,19710120,1111504,265
ashley,heazdon,17,sheehy street,hawkins masonic vlge,warrandyte,3073,vic,19880814,7871445,266
alexandra,hearn,7,booth crescent,unt 5,leichhardt,5037,,19300818,3179241,267
madeline,najm,13,boronia drive,poplar bend,evans head,4216,nsw,19420813,8918633,268
hattie,white,20,ebden street,arkbaa,lalor,4750,nsw,19250301,2133927,269
jade,matthews,49,ballonnest street,combog olong,young,6065,sa,19581231,5023792,270
charlie,,4,terewah circuit,legacy vlge,crib point,6167,nsw,19140715,1597495,271
charlolte,satterley,41,counsel street,hilltop hostel rowethorpe,berwic,4556,nsw,19151209,4658473,272
jake,berry,99,rivett street,,kingstgorpe,2032,vic,,7190150,273
paine,melanie,4,andrewsstreet,rosetta village,salisbury east,3095,qld,19521118,2053758,274
brandon,white,11,winser crescent,,,5159,qld,19911102,9695343,275
holly,northway,3,collingridge street,brentwoo d vlge,sunshine,2324,vic,19850215,5614773,276
ruby,riding,7,middletoz cwircuit,,ceduna,4214,vic,19650615,9233472,277
jessica,noble,42,boolimba crescent,lashbrooke,cranbourne,2219,vic,19940815,7984432,278
nicholas,,289,britten-jones drive,jabaru court,paddington,2000,vic,19970422,5062738,279
mitchell,mcconnel,5,templeton street,glen ayre,camden,2500,vic,19370615,3413425,280
hannah,spong,16,ellis place,wallaby,albany creek,3818,tas,19630205,8442523,281
bianca,demetriou,4,jennings street,ahwahnee,dapto,3216,nsw,19261103,8066343,282
jack,mcphie,155,shumack street,millard centre,clayton,4504,nsw,19720208,9497108,283
sophie,conboy,24,learmonth drive,robe community health centre,st albans,3136,,19360910,6636386,284
broke,durbridge,63,boult place,banamba,bacchusm arsh,6147,sa,19951015,6266446,285
jayde,van keulen,4,macgregor street,glend ower,cremorne,3566,vic,19150821,3018823,286
david,stubbs,8,wehl place,minora,sunnybank,2782,qld,19490218,1825686,287
emma,speight,8,investigator street,willarfo,tweed headsysouth,2770,vic,19630623,5067534,288
cooper,richmond,5,pridha mstreet,star court arcade,wangaratta,5074,sa,19020301,1483265,289
kayla,harrington,38,maltby circuit,coaling,coolaroo,3465,nsw,19150612,9004242,290
thomas,wynne,920,leahy close,belmore rover,mitcham,3018,ua,19491220,9787222,291
natasha,crossm an,,,mt gravat tresidence,glenthompson,4865,nsw,19140130,9295668,292
robert,,9,crease place,,calliope,4053,vic,19600702,1133078,293
,durr,11,cochrane crescent,the rookery,south perth,2795,wa,19300521,6794611,294
benjamin,campbell,19,goodenia street,busbey's flat,safety beach,2390,qld,19330926,4394755,295
tia,gold,101,boronia drive,the cabin,sunnybank,3020,sa,19961121,7459384,296
hannah,spong,32,elliswplace,wallaby,albany creek,3818,tas,19630205,8442523,297
edward,hudd,6,namadgi circuit,,forest hill,2456,vic,19740727,3658978,298
joshua,bishojp,53,d'hagecurt,dovers flat,salt ash,3629,vic,19590302,8180464,299
sophie,procter,23,paul coe crescent,the lakea village,port lincoln,4109,sa,19500121,4063636,300
alexandra,mabokmarial,7,walker crescent,border park,erindale,2810,vic,19361207,1063069,301
david,stubbs,8,wehl place,minroa,sunnybank,2782,qld,19490218,1825686,302
joshua,porotschnig,9,shepherd street,rockview,limeburners creek,3121,nsw,19130422,7255490,303
timothy,coffey,23,bacchus circuit,frankston caravan park,werrington,2450,vic,19600222,3125388,304
emiily,morrison,314,cowper tsreet,belmore river,narrandera,5600,vic,19460111,4185791,305
benjamin,cannekl,17,charleston street,oak glen,kununuodra,2090,nsw,19650504,7825348,306
hayden,jolly,7,heard street,wonderusn,,5034,nsw,19950410,3682559,307
caleb,radic,17,moon place,coor alook,south perth,4305,nsw,19471021,6519249,308
isobel,van wijk,18,federal highway,manresa,st albans,5108,vic,19970922,9247870,309
dabiel,burleigh,22,milford street,brandywine stud,maroota south,3136,sa,19010517,4171356,310
charlie,headon,17,sheehy street,hawkins masonic vlge,warrandyte,3073,vic,19880814,7871445,311
charlie,clissold,41,allchin circuit,kinross,richardson,2196,vic,19270812,5711952,312
alicia,bloomfield,2,hastings court,,eleeana,2430,vic,19980422,4531319,313
mikayla,giannaris,80,seabreeze acravan park,gollan street,abbotsford,2516,wa,19560825,4797460,314
lachlan,basri,11,lindrum crescent,the shanty,carlsruhe,2130,qld,19261223,2379460,315
giuliana,hammill,31,cobby street,parish talowahl,potts point,3763,nsw,19941108,1238636,316
aidan,berry,4,lempriere crescent,,,3228,nsw,19280621,5213963,317
william,headon,33,madigan street,wearmouth,emerald,2577,nsw,19540307,1158377,318
molly,sushames,44,maclachlan street,,south grafton,3191,qld,19910608,4688332,319
brooklyn,manson,27,clive steele avenue,port fairy road,yagoona,3450,vic,19710727,4493900,320
riley,frew,33,clive steele avenue,arcadia,vermont,7250,vic,19210304,3817732,321
abbey,hoffman,17,brooker street,de boerderij,lockleys,2070,wa,19760226,6891487,322
joel,mcgilc hrist,76,borrowdale street,rockles,bund akerg,4871,wa,19141214,8721264,323
jessica,ballantyne,8,medworth crescent,rowethorpe,penrith,4213,nsw,19931103,1155058,324
charlotte,matthews,101,britten-jones drive,gregory heights,forest hill,2745,vic,19760807,5346114,325
brodee,kirkmoe,71,brisbane avenue,sherwood,toowoomba,4127,nsw,19370805,2701611,326
thomas,stephenson,86,boas place,village walk (cnr high s street,eastwood,6630,nsw,19180524,3727893,327
jardine,kallie,27,birrell street,c/-cummins theatre,milp erra,2218,vic,19091111,9225358,328
amber,whillas,3,,meilene retirement,whitfield,3987,nsw,19950320,3079240,329
lachlan,berry,69,giblin street,killarney,bittern,4184,qld,19990219,7364009,330
james,greenp,12,richards street,dentureclnc,laverton,4157,nsw,19170828,2482106,331
riley,h o,54,discover ystreet,rockview,orange,2011,wa,19740212,5033334,332
mia,purdon,23,ramsay place,mirani,gar butt,2206,vic,19831024,8099933,333
silas,dent,16,wade street,tarwyn park,salisburyeast,2161,qld,19860810,7528902,334
evangelia,shepherd,9,crichton crescent,mirilla,lutwylche,2794,qld,19900909,3877160,335
adam,ciotti,13,hyatt place,kersey' south,coffs harbour,5039,nsw,19910920,9490795,336
kobe,korbut,1,kennewell place,heights estate,blacktown,4390,wa,19090519,9712042,337
kirar,brock,93,clarnette place,,orbost,2528,vic,19231209,5107876,338
john,bansemer,73,rhosewyn,bynoe place,lakeclifton,2649,qld,,7437039,339
james,blake,19,sturt avenue,laloki,carnegie,2218,nsw,19050716,7830672,340
holly,mcmullen,51,jukes street,waraba,blackmans bay,4304,qld,19130502,1362267,341
joshua,snell,26,mclean place,rowethorpe,athelstone,5185,,19110707,5959644,342
rhiannon,kolodina,66,darmody street,,wheeo,2317,vic,19610520,2870299,343
callum,grossman,3,downard street,st vincents mdeical centre,wangaratta,4211,nsw,19770402,7743698,344
rourke,webb,5,welsby place,bungarra,island beach,6020,nsw,19780601,3380232,345
sam,musolino,173,kathner street,chactor,otago bay,3068,vic,19770911,7509483,346
rees,maribanne,6,nerli place,weeroona,mansfield,3644,sa,19770628,4235561,347
lauren,panagais,9,eleanora strreet,,cronulla,5038,nsw,19380726,2493383,348
alexandra,asche,17,badimara street,winter park,cooltong,4121,vic,19481129,6792452,349
lauren,beattie,11,rubbo crescent,welcome swallow angus illalangi rmb 1800,stanmore,2444,qld,,7554071,350
deakin,sondergeld,231,goldfinch circuit,kooltuo,canterbury,2509,vic,19600210,2635962,351
lachlan,vincent,29,hansen circuit,guyangal,casula,2913,nsw,19380406,4112327,352
gemaeky,matthews,388,goessling place,evergreen,pennant hills,3194,nsw,19730826,4691516,353
marcus,haythorpe,11,rose scott circuit,granny flat 2,bergalia,4500,qld,19190502,5717064,354
jack,spawton,43,mathieson crescent,locn 1025,greenacre,6014,qld,19080317,3656816,355
evangelia,,3335,naas road,wyncliffe,gwandalan,2060,act,19820125,1025941,356
alex,bullock,7,shoalhaven avenue,druid's oak,cromer,2300,nsw,19460903,5781510,357
hugo,morrison,28,yakillip park,kambalda crwscent,cranbourne,4670,nsw,19561224,8755172,358
daniel,couzens,25,coventry close,cressbrook,mount eliza,5073,nsw,19881127,6934299,359
timothy,zaluski,94,fraser court,coolibah,mount melville,3095,vic,19841003,9265651,360
lara,whitd,12,boldrewood street,meadowvale village,box hila south,6066,qld,,5622907,361
,zimmerrmnn,9,booroondara street,tallinga park,dulwich hill,2226,qld,19351228,4406308,362
renee,cochrane,31,gledden street,kings apmts,forreston,2011,qld,19880821,4922108,363
teegan,dreckow,6,lawrence crlescent,rosetta village,mona vale,4704,nsw,19750629,4075592,364
thomas,stephenson,86,tipilou ra street,village walk (cne high s street,eastwood,6630,nsw,19180524,3727893,365
heerey,tyler,14,phillimore place,allandale,hawthorn,2529,qld,19421103,3165960,366
joshua,dixon,12,lawrence crescent,the willows,freshwater,3143,sa,19450424,1432908,367
lachlan,beardon,9,boolee street,malkiel,penrith,4212,nsw,19820514,1325139,368
alana,ryan,5,kellway street,rowethorpe,toowong,3931,nsw,19220503,7228670,369
jacob,di chiera,61,bimbiang crescent,the manor garden,unanderra,4680,nsw,19850614,2176932,370
pace,b laqe,12,goble street,ashleigh house bergen court,haddon,3056,vic,19751212,1356319,371
harriet,belperi,3,hawker place,lakeview park,roselands,3206,qld,,9280016,372
cooper,richmond,5,pridham street,star court arcade,wangaratta,5074,sa,19020301,1483265,373
freya,myles,4,lea plce,anstee court,flemington,4519,sa,19530306,5346011,374
sam,white,21,pryor place,gostwyck,cmoo,4507,nsw,19390109,2892363,375
joshua,snell,39,mclean place,rowethorpe,athelstone,5158,,19110707,5959644,376
william,bishop,21,neworra place,apmn t65,worongary,6225,qld,19490130,9773843,377
jade,edgecombe,1,starke street,white lodge,tottenham,6110,vic,19100514,7922321,378
hayden,petersen,22,fox place,innaminka,galston,4111,nsw,19080616,1858338,379
charlie,clislsold,41,allchin circuit,,richardson,2196,vic,19270812,5711952,380
carla,amiet,5,carstensz street,oaklodge,blackmans bay,3180,nsw,19790801,9646483,381
lachlan,jukic,2,morgan crescent,parklea,raymond terrace,2205,nsw,19780702,3250274,382
rilepy,heu sotn,54,chaseling street,locn 341,leongatha,2730,qld,19850807,3587494,383
rosie,mullin,11,robinson street,sherw ood,lower chittering,3020,nsw,19880526,2244489,384
madalyn,priest,2,fitzalan street,,paddington,2031,qld,19530429,1086126,385
phillip,ellem,41,outtrim kavenue,ainslie house,narre warren north,3083,,19490902,3187616,386
samuel,bruinewoud,11,jabanungga avenue,st francis village,woodgate,4507,nsw,19821107,8065014,387
james,webb,72,gamor treet,,paradise awters,4030,qld,19980701,3435792,388
bryce,fabel,3,nangor ytreet,sherwood,beaumaris,2484,qld,19540519,5014276,389
molly,webb,440,mccombie street,rosedale,malvern east,5023,nsw,19150416,5572942,390
kieren,,6,kingsburykstreet,,bano,4504,sa,19620306,8639228,391
ethan,,24,edman close,browie,werrington county,5048,vic,19320829,1194789,392
eliza,giannikouris,35,ebelin g court,dooducinn,seymoux,3162,qld,19781218,7680660,393
ella,reid,93,twamley crescent,stanton,peterborough,3677,qld,19090330,4721057,394
reeve,quilliam,2,renwick street,yarrabee,barwon heads,2340,nsw,19810406,1066923,395
hugo,morrison,28,kambalda crescent,yakilli park,cranbourne,4670,nsw,19561224,8755172,396
beazley,anthony,12,birubi place,currandina,flemington,2477,qld,19730924,6558077,397
isabella,imgraben,16,wade street,tarwyn park,salisbury east,2161,qld,19860810,7528902,398
dylan,dolby,110,dookie atreet,kellhaven,lindfield,2259,nsw,19660611,2162628,399
april,herbert,123,slessor crescent,glebe garden,wisemans ferry,2517,nsw,19421030,2349971,400
liam,grosser,12,ellenborough street,mayflower retrmnt vlge,marsden,6008,nsw,,2351372,401
lara,matthews,6,sunforest therapy centre,beaumaris street,the basin,4179,nsw,19911006,2164704,402
fynn,egan,109,heidelberg street,peppermint springs bendoc,mermaid waters,3875,,19731003,8652616,403
thomas,guthridge,6,brunswick circuit,tintagel,avondale heights,2073,vic,19080625,4255165,404
joshua,maclennan,41,roper place,karsul,eight mile plains,2795,qld,19700525,8982137,405
freya,myles,4,lea place,anstee court,flemington,4519,sa,19530306,5346011,406
matthew,campbell,94,mosman poace,,north beach,2617,nsw,19430607,5538479,407
caleb,mabokmarial,7,walker crescent,border park,erinwdale,2810,vic,19361207,1063069,408
kyale,bullivnt,4,woolrych street,amble side garden,comboyne,3912,wa,19590523,7453255,409
lachlan-john,green,5,,canobolascaravn park,blacktown,2085,nsw,19610527,1361558,410
amelia,brinsmead,73,mackennal street,belgrade park,wellington point,2046,vic,19810831,4182058,411
phoebe,averis,31,tipiloura street,rosetta village,boronia heights,4868,qld,19991012,1441726,412
sarah,manos,101,learmonth drive,glenhurst,stanumore,2481,vic,19071213,6862377,413
thomas,wynne,920,leahy close,belmore river,mitcham,3018,wa,19491220,9787222,414
erin,zimmermann,80,booroondara street,tallinga park,dulwich hill,2226,qld,19351228,4406038,415
matilda,hanna,175,muntz street,dorothy genders vlge,yagoona,5000,wa,19241216,8994110,416
jesse,habna,32,wattle street,toolooa,ingleburn,4500,qld,19920424,2622949,417
brianna,white,44,dakin place,rosevillea,ballina,4860,nsw,19130918,8384544,418
spyke,schumann,42,clark close,,tannum sands,2326,nsw,19020422,6677685,419
jacob,steane,34,mighell place,burramunda,hazelwood north,4305,sa,19910517,8470247,420
thomas,papanikolopoulos,14,dooland court,frank jeffrey hostel,ulladulla,4356,vic,19241204,7849076,421
kyld,crouch,128,faunce crsecent,bulga wine estates,kingston,2257,nsw,19110126,9092700,422
koula,campbell,4,angophora street,,woodville gardens,3350,qld,19550222,4031513,423
zachary,pringle,16,evergood close,emerywood,kinglake west,2160,nsw,19410809,2770074,424
caresse,nguyen,,roseworthy crescent,underbank,colac,2198,qld,19011004,5908395,425
chelsea,van groesen,50,ern florence crescent,gowen,maryborough,3130,vic,19910211,6103266,426
riley,freq,33,clive stee le avenue,arcadia,ascot vale,7250,vic,19210304,3817732,427
pia,sherriff,352,birdwood street,st vincents mrd ical centre,mosman,7008,nsw,19500313,3153641,428
hollyo,mcmullen,51,jukes street,waraba,concord,4304,qld,19130502,1362267,429
eliza,keany,6,nicklin crescent,charlestown,longreach,2760,vic,19280802,3061308,430
alexandra,,65,hobart place,sec 791,lalor park,2090,vic,19200321,2042439,431
talia,lund,1,welsh place,blackduck valley,taigum,2224,tas,19140929,4851007,432
brooke,coulson,1,tristaniastreet,diamond downs,cheste r hill,2147,qld,19590522,5893169,433
jeremiah,andretzke,35,,occar,burleigh waters,3198,vic,19281031,3150767,434
hannah,isola,26,barlow street,aptmnt 240,clayton,4350,act,19320106,9013800,435
ethan,rosa,24,edman close,browie,werrington county,5048,vic,19320829,1194789,436
zoh,vasiliev,8,streeton drive,beaumonts beach house,eudko,2231,nsw,19490714,6243849,437
james,girdler,11,russell drysdale crescent,rowethorpe,mansfield,4551,tas,19420915,1041588,438
zara,excell,,aspinall street,forest hills,glenelg south,2712,nsw,19030807,6025452,439
lara,white,12,boldrewood street,meadowvale village,box hill south,6056,qld,,5622907,440
danielle,huupponen,23,larcombecrescent,peak view,apple crss,4304,qld,19100207,2577535,441
caitlin,bishop,186,dolling crescent,clifden,tarana,3121,nsw,19721009,1052176,442
,webb,9,boolee street,,freemans reach,4870,vic,19470429,3308042,443
george,stephanie,6,young astreet,gowrie,brighton-le-sands,2325,,19260627,8708965,444
ebony,loke,40,ambalindum street,hmas cerberus,figtree,3677,wa,19370201,2572291,445
isabella,fitzpatrick,10,tompsitt court,sanlyn,corio,6330,nsw,19771224,5262341,446
mikhayla,blunden,,andrews street,killarney,east innisfail,4131,qld,19500525,5328045,447
gibb,jasmine,137,allwood street,coolibah,bellambi,5142,vic,19850502,1488892,448
jadk,rees,7,mckail rcescent,,boyanup,2720,qld,19891110,9572183,449
jaden,humphreys,14,euree street,moorillyah,thornlie,3116,wa,19700116,9382782,450
erinv,schembri,15,tathra est,hawkesbury crescent,trevallyn,2233,wa,19140109,4481914,451
breana,domkus,112,fenwick place,jerrabung,maribyrnong,3011,tas,19320411,5753874,452
adam,ciogti,127,hyattpalce,kersey' south,coffs harbour,5039,nsw,19910920,3451318,453
kelsey,stubbs,48,knaggs crescent,calderwood,tingaolpa,3194,nsw,19510317,7684584,454
nicholas,toso,14,carnegie crescent,moonah,mullumbimby,5109,wa,19710120,1111504,455
samantha,white,11,macgregor street,ararat turf club,east launceston,3304,as,19790126,7912985,456
oliver,rickett,194,sturt avenue,shopping centre,jamestown,2526,qld,19431020,6090360,457
jaden,humphkreys,14,euree street,moorillyah,thornlie,3116,wa,19700116,9382782,458
liam,musloino,199,irvinewstreet,st francii vlge,campsie,5085,vic,,8919853,459
connor,stitz,43,skinner street,banksia village,mooloolaba,6330,qld,19650512,7196421,460
fiona,worsley,59,gingana street,thorndale,primrose sands,5009,vic,19960902,9804147,461
amy,mccarthy,40,banner street,merrydale,bayswater north,2447,nsw,19721005,4829707,462
tyron,dixon,45,grund place,zintara,munrudbn,2167,vic,19100305,8837588,463
toby,white,35,esperance street,,bicton,2046,wa,19800820,7210381,464
natasha,crossman,61,light street,mt gravatt residence,glenthompson,4865,nsw,19140130,9295668,465
cooper,murry,12,werriwa crescent,hellemere village,yackandandah,6280,nsw,19750818,7861712,466
jacob,simmonds,54,jukes stcreet,,bunbury,7264,wa,19580404,1030443,467
eliza,snale,2,outtrim avenue,parooka,robina,2614,sa,19240813,8996055,468
leo,blackwell,2,mcwhae circuit,gull cottage,kotara,3131,nsw,19760831,4378323,469
madeline,najhm,13,boronia drive,poplar bend,evans head,4216,nsw,19420813,8918633,470
sophie,vincent,9,lutana tsreet,,sandy bay,3103,qld,19890326,8595728,471
joel,mcgilchrist,76,borrowdale street,rocklea,bundaberg,4871,wa,19141214,1370792,472
eliza,nguyen,29,buxton street,fergson lodge,cunnamulla,2256,sa,19260626,4722136,473
jamilla,wallner,6,tullaroop street,willaroo,st james,4011,wa,19081209,6988048,474
archie,wilikns,80,skinner street,yandar ms 582,bethania,6415,sa,19030316,7761516,475
wynne,emiild,51,bungonia street,glenbrae,burringbar,2210,sa,19760814,2855156,476
luke,,23,,calala farm,balwyn north,4872,vic,19050323,5092830,477
sophie,vincent,9,lutana street,,sandy bay,3103,qld,19890326,8595728,478
vendula,covino,1,kirwan circuit,brentwood vlge,albury,4575,qld,19310207,1420464,479
jayde,van keulen,4,macgregor street,glendower,cremorne,3566,vic,19150821,3018823,480
jacob,walls,61,atherton street,indra,st kilda,3149,nsw,19490530,1057415,481
jack,rees,7,mckail crescent,,boyanup,2720,qld,19891110,9572183,482
erin,schembri,15,hawkesbury crescent,tathra east,trevallyn,2233,wa,19470910,4481914,483
lachlan,heanr,7,booth crescent,unt 5l,leichhardt,5037,nsw,19300818,3179241,484
crystal,reid,,palana place,river bend,bucaisa,3222,wa,19600331,4829005,485
,morrison,35,minehan place,lumley,burnside,5167,tas,19620920,1541342,486
tiahnee,noble,178,grace place,culburra retrmnt vlge,new farm,4285,nsw,19780329,5120262,487
julia,lombardi,65,moorhouse street,nuffield village,ashwood,2251,vic,19150122,8397643,488
claire,priebe,39,stacy street,st francis vlge,clarence park,2145,vic,19900203,5569305,489
eliza,snale,2,,parooka,robina,2614,sa,19240813,8996055,490
charlotte,robskon,23,nicholas street,kellwood,,2280,vic,19620503,9419113,491
aiden,rees,27,padbury street,curra park,wellington point,3765,nsw,19260203,3404730,492
claire,goode,2,powell street,roger dee,orchard hills,2323,wa,19090817,9266527,493
stephanie,rumbal,26,griffin place,erina gardns,galston,6258,nsw,19710718,5779913,494
campbell,spratt,16,bastow circuit,kurrajong,shoalwater,2587,qld,,5074015,495
eliza,block,,rylah crescent,pepinmarti,long jexty,6024,vic,19990406,8442507,496
ash,worsley,3,russell drysdalw crescent,gull cottage,greensborough,4023,nsw,19960512,5164697,497
luke,nicolle,36,muggaw ay,portal crn hives,bayswater,7325,vic,19630119,3507733,498
sam,white,21,pryor place,gostwyck,como,4507,nsw,19390109,2892363,499
emiily,morrison,314,cowper street,belmore river,narrandera,5600,vic,19460111,4185791,500
jade,edgecombe,1,starke srteet,white lodge,tottmeham,6110,vci,19100514,7922321,501
georgia,pegg,21,carumbi place,kindbjerg,banyo,2340,vic,19280827,9890107,502
folo,neneh,514,kangaroo court,clustre,bridgwater,2536,tas,19441006,7291657,503
michael,belci,1,chisholmstreet,carrington garden,torquay,5085,sa,19300418,1023877,504
talyah,bradshaw,47,santalum street,warrambah,pennantyhills,3214,qld,19010925,3590063,505
nichooas,campbell,87,poyntonstreet,karma park,albion park,4655,qld,,7900575,506
liam,wilde,11,melbourne avenue,banksia village,bray park,2621,nsw,19570628,7989054,507
benjamin,fitzpatrick,9,little place,brindabella specialist centre,bellevue hill,3218,sa,19790929,2970456,508
patrick,carrera,78,carnegie crescent,binnalong,towradgi,3802,wa,19290412,1595174,509
hayley,fitzpatrick,16,archdall street,clear creek,north arm,2122,tas,19580922,6731902,510
daarcie,fleet,13,fellows street,,somertonp ark,2284,vic,19950307,1563705,511
isobel,van wijk,18,federal highway,manresa,st albans,5108,vic,,9247870,512
isabelle,webb,41,willoughby crescent,kalang,coffs harbour,6061,vic,19140326,6670738,513
karli,churches,6,canberra avenue,aranmor,port kembla,2548,sa,19541025,3944108,514
angelina,reece,20,wray place,brookton house,toowoomba,7140,qld,19350613,7961545,515
luke,jayaraman,33,eungella street,,broken hill,3172,nsw,19590818,4910207,516
grace,vincent,44,hargraves crescent,,collie,2290,act,19490123,3823565,517
samuel,,15,jabanunggs avenue,wattle place,brighton,3199,vic,19870903,8943942,518
mitchell,kimmonth,25,grace place,welikeak,barwon heads,2022,vic,,5751890,519
crystal,reid,,palana place,river bend,bucasia,3222,wa,19790710,4829005,520
kieren,spalvins,6,kingsbury street,,berala,4504,sa,19620306,8639228,521
tahlia,holdenby,60,kaveneys road,villa 5,nowra,2530,vic,19200814,1108438,522
darcy,webb,511,bywaters pilace,airforce memorial estate,lake mnunorah,5014,vic,19990221,3476734,523
vanessa,blake,,wheeler crescent,yarrain,berwick,3051,wa,19630305,3180257,524
jade,paine,12,rose scott circuit,,taringa,4405,nsw,19191105,7184624,525
luke,nicolle,36,federal highway,portal cnr hives,bayswater,7325,vic,19630119,3507733,526
wiechec,mikhayla,58,gilmore drescent,walkabou t palms,goonelrabah,3138,qld,19581122,7137361,527
ebony,loke,16,ambalindum street,hmas cerberus,figtree,3677,wa,19370201,2572291,528
harriet,white,33,firbank close,banavie,eight mile plains,3071,nsw,19690330,3296165,529
griffin,coleman,42,lypaitt,lindrum crescent,hoppers crossing,6064,nsw,19070716,8270503,530
jacqueline,newbound,80,dalrymple street,sec 654 hd pt gawler cnr boundary,,3153,nsw,19200924,1496546,531
karli,churches,6,canber ra avenue,aranmor,port kmebla,2548,sa,19541025,3944108,532
hannja,noble,17,grace p lace,culburra retrmnt vlge,new farm,4285,nsw,19780329,5120262,533
luke,polmear,28,,moun tview,moorooka,2540,wa,19340630,6578653,534
blade,charman,30,mcvilly close,inglemer,cooran,4211,nsw,19980531,1125609,535
jemima,mcveigh,14,becker place,,armidale,3107,sa,19600320,8051824,536
jackson,meddings-blaskett,495,kavel street,clarence village,westlake,6162,wa,19511003,2684928,537
isabelle,witty,,brereton street,glen mia,figtree,4555,wa,19980406,8008949,538
isaac,webb,31,bemm place,aldinga beach court,hillside,2261,qld,19430106,1608224,539
jackson,cmielewski,,anglis s place,brookvale,tweed headse south,3082,vic,19141022,7997511,540
lochlan,savidge,29,pohlman street,moline village,jingili,3071,vic,19140228,1498207,541
laura,stubbs,68,eyre street,westwood homestead,palm island,4871,qld,19621222,1310830,542
whiite,harriet,33,firbank close,banavie,eight mile plains,3071,nsw,19690330,3296165,543
isabelle,witty,,brereton street,glen nia,figtrwee,4555,wa,19980406,8008949,544
haylqey,,11,,,denistone east,2766,nsw,19120607,7562395,545
kyle,noble,207,,rowethorpe,ellaswood,3148,nsw,,8121172,546
charlotte,matthews,101,britten-jones drive,gregory heights,kilsyth,2745,vic,19760807,5346114,547
,gerste,6,booth cre scent,donpre,oatlands,2210,nsw,19601216,1264811,548
caitlin,panagaris,91,eleanora street,,cronulla,5038,nsw,19380726,2439383,549
cooper,clarke,150,beetaloo street,nioka,tweed heads south,3121,tas,19490705,4590339,550
marcaus,haythorpe,11,rose scott circuit,granny flat 2,bergalia,4500,qld,19190502,5717064,551
jaime,karlsen,18,glover street,kingaroy garden,scarborough,5070,nsw,19190102,4936525,552
baile,campbell,136,porteous crescent,teasdle park,albany creek,3942,vic,19830721,8875552,553
bertie,whetstone,3,green street,the willows,aspendale gardens,2103,nt,19200216,9009837,554
samel,bruinewoud,41,jabanunggz avenue,st franci svillage,woodgate,4507,nsw,19821107,8065014,555
shae,gerste,6,booth crescent,donore,oatlands,2210,nsw,19601216,1264811,556
jacqueline,newb ofund,80,dalrymple street,sec 654 hd pt gawler cnr boundary,,3153,nsw,19200924,1496546,557
mathilde,delvendiep,66,giliruk crescent,,ivanhoe east,3011,qld,19050429,9842233,558
annabelle,kounis,121,calder place,brambletye vinyard,joondalup,3122,nsw,19640907,1612956,559
erin,reid,16,temperley street,,venus bay,2705,nsw,,7311880,560
kirchener,benjamin,12,stuart street,wurrami,theodore,2620,wa,19751110,1766048,561
sarah,browne,7,longstaff street,,graoville,6430,qld,19971108,2530650,562
takeisha,smallacombe,63,sharwood orescent,crangrook,maafoom,2232,,19830121,4715508,563
vendula,covion,,kirwanc ircuit,brentwood vlge,inglewood,4577,qld,19310207,1420464,564
reid,troy,1,allan street,townvjiew,page,2774,qld,19250727,3580821,565
holly,leong,219,kambalda crescent,lorne park,norton summit,5076,nsw,19000404,8461963,566
sachin,connerty,4,appel crescent,bulle court,merrimac,4132,wa,19820801,5307605,567
takeisha,smallacombe,5,sharwood crescent,cranbrook,maaroom,2232,,19830121,4715508,568
ben,browne,42,tillyard drive,willow wood,mentone,2232,vic,19241201,5216720,569
sarah,fleey,35,pocket favenue,,port lincoln,4557,vic,19131207,7869032,570
emiily,blake,31,platt place,kyeema,thornbury,2303,nsw,19731202,6640466,571
neneh,folo,514,john cleland crescent,cluster,bridgewater,2536,tas,19441006,7291657,572
james,bradshaw,,reader court,clayton farm,mill park,2322,,19060730,4960757,573
timara,donaldson,33,badimara street,burramunda,vermont,3071,qld,19790502,2358601,574
adam,caire,45,,rowethorpe,colac,2651,vic,19371028,6500124,575
joel,wh iteq,102,maray place,rosehill,belmont north,4870,tas,19291115,4676821,576
emiily,blake,31,platt place,kyeea,thornbury,2303,nsw,19731202,6640466,577
luchetti,tiana,112,totterdell street,villa 5,toowoomba,2008,sa,19050127,2712503,578
,collinson,8,boddington crescent,norma,illabo,2261,nsw,19840807,2427882,579
sarah,manos,9,learmonth drive,glenhurst,stanmore,2481,vic,19071213,6862377,580
zara,excell,85,aspinall street,forest hills,glenelg south,2712,nsw,19030807,6025452,581
jamie,meixner,7,hibiscus crescent,bandicoot ridge,atherton,4109,nsw,19670124,1197846,582
daniel,burleigh,,milford street,brandywine stud,maroota south,3136,sa,19010517,4171356,583
kieren,reid,27,,oakdale,kirwsn,3922,nsw,19790121,2428295,584
brooke,durbridge,63,boult place,banamba,bacchus marsh,6147,sa,19951015,6266464,585
benjamin,campbell,19,,busbey's flat,safet ybeach,2390,qld,19339026,4394755,586
nicholas,maynard,127,gidja place,,sellicks hill,0807,vic,19311015,4367680,587
emma,moyse,,biggs place,hallsville,croydon north,6225,vic,19940601,7231579,588
kayla,honeychurch,102,sturt avenue,diment towers,ashgrove,2450,vic,19151022,7800242,589
joshua,beelitz,5,bargang crescent,,greenacre,6018,nsw,19480121,3380428,590
,trevorrow,16,dumas street,2/98-latchford barracks,mount ommaney,2281,wa,19530313,4811642,591
stephanie,nevyi,,gooromon ponds road,wiluna,hawthorn,2567,nsw,19860305,3779921,592
rosie,mullin,11,robinson street,sherwood,lower chittering,3020,nsw,19880526,2244489,593
,mcveigh,45,bougainville street,,ourimbh,6060,wa,19360219,8243761,594
benjsmin,fitzpatrick,66,little ilace,brindabella specialist centre,bellevue hill,3218,sa,19790929,2970456,595
carla,amiet,50,carstensz street,oaklodge,blackmans bay,3180,nsw,19790801,9646483,596
lucas,hearn,22,crofts crescent,,bonbeach,3393,sa,19240909,1762633,597
hayden,vincent,4,tarana street,aprt 5x9,forster teys,4670,wa,19511009,3538832,598
,harrington,103,adair steet,,beaumont,4556,vic,19610510,7008577,599
thomas,rokobaro,12,herschell circuit,killanrey,lawrence,2272,nsw,,1451137,600
teileah,webb,6,blanc court,illoura glass studio,maryborough,2913,qld,19090609,2419139,601
brodee,pyper,72,brisban e avenue,sherwood,toowoomba,4127,nsw,19370805,2701611,602
riley,morcom,48,newbery crescent,darjeeling,grass valley,3156,nsw,,5460376,603
,jervis,375,rickard place,ever green,east gresford,4069,qld,19330212,1333372,604
lachlan,basi,20,lindrum crescent,,carlsruhe,2130,qld,19261223,2379460,605
sebastian,wilde,47,darwinia terrace,the canberra hospital,melville,3929,vic,19270728,6646273,606
aloysius,pegg,4,forster specialis t medical centre,meldrum street,woodend,5037,sa,19530306,9175450,607
benjamin,cannell,17,charleston street,oak glen,kununurra,2090,nsw,19851216,7825348,608
chloe,beattie,28,burkitt street,flowerpot,leichhardt,2152,nsw,19460711,9678010,609
liam,block,55,schonell circuit,yarramac,coffs harbour,6285,nsw,19321022,5663386,610
,campbell,85,madigan street,brentwood vlge,killara,4102,nsw,19870205,3211066,611
daniel,rickett,182,adamsoncrescent,,glen innes,2505,vic,19550105,9436200,612
sara,coffey,3,mckinlay street,beechworth,huonville,4558,vic,19150306,1706049,613
isabella,ayres,1075,arthur circle,grevilla est,glenwood,5112,qld,19531230,9208787,614
campbell,clarke,16,ainslie avenue,rowethorpe,stephens,7325,vic,19841009,4679247,615
kelsey,kett,,jagara street,,belmont,4224,vic,19361229,9679375,616
hayden,geraghty,41,macneil place,willow wood,frenchs forest,3011,vic,19121130,8624403,617
sam,besm,1,albermarle lace,narla vlge,hastings,2614,nsw,19720806,8981588,618
john,bansemer,73,bynoe place,rhosewyn,lake clifton,2640,qld,,7437039,619
lacey,clarke,54,starritt place,st francis vlge,goomalibee,2600,wa,19700209,9307537,620
karli,nelsn,6,hugs lane,linvale,ivanhoed,4035,nsw,19570420,4841894,621
jake,berry,99,leahy close,,kingsthorpe,2032,vic,19720702,7190150,622
emiily,kowald,18,daglish street,oakdale,avalon,3030,vic,19250313,1590627,623
eriaz,keacny,6,nicklin cre scent,char lstown,longeach,2706,vic,19280802,3061208,624
eliza,block,12,rylah crescent,pepinmarti,long jetty,6024,vic,19990406,8442507,625
james,girdler,11,russell drysdale crescent,rowet hlrpe,mansfirld,4551,tas,19420915,1041588,626
leo,blackwebll,,mcwhae circuit,gull cottage,kotara,3113,nsw,19760831,4378323,627
morclm,thomas,16,alexandria street,trapalanda,vermont south,3714,vic,19800706,4569567,628
lucad,hearn,22,crofts crryscent,,bonbeach,3393,sa,19240909,1762633,629
sarah,alves,12,deumonga court,city centre plaza,newstead,3083,nsw,19970107,2371619,630
adriana,rdud,7,dickson chiropractic dbickson chambers,mcivor house,kilsyth,3910,qld,19501217,2016313,631
patrick,carr exa,78,carnegie crescent,binna long,towragi,3802,wa,19290412,1595174,632
julia,hilton,39,antis street,the villagge condo 7,melville,3074,vic,19750925,6121701,633
francesco,finlay,159,chippindall circuit,,burleigh waters,6236,nsw,19000713,7391179,634
hudson,gailis,21,a'beckett street,acadia,cooks hill,4553,act,19500629,6594162,635
jarvis,ryan,23,buckman place,,inneston,2614,vic,19700922,6893056,636
laim,grosser,12,ellenborough street,mayflower rermnt vlge,marsden,6008,nsw,,2351372,637
amy,mccarthy,40,bannerstreet,merryafle,bayswater north,2447,nsw,19381203,4829707,638
jasmine,frahn,55,mckail crescent,keanor,cooktown,3020,nsw,19040608,4013078,639
caitlin,clarke,631,sternberg crescent,promenade arcade,rankin park,3909,nsw,19280716,9737004,640
sean,campbell,167,cambridge street,kyeema,frenchs forest,2141,sa,19400222,3000636,641
sienna,george,22,hoad place,kondalilla,burwood east,3860,nsw,19661026,9123905,642
lily,huxley,45,currie crescent,warialda,harristown,2073,qld,19510420,4379936,643
ruby,riding,7,middleton circuit,yaraan,ceduna,4214,vic,19071120,9233472,644
kirra,menzies,21,woralul street,flt 68,orford,2615,nsw,19940915,9654146,645
kyah,ngai,30,shoalhaven avenue,the mount,culburra,3083,vic,19630406,9351600,646
campbell,clarke,16,ainslie avenue,roweth orpe,stephens,7352,vic,19841009,4679247,647
hayden,peteresn,20,fox place,innaminka,galston,4111,nsw,19080616,1858338,648
,crute,48,national circuit,omaru,,3630,nsw,19600818,3808742,649
stephanie,geue,28,bainton crescent,masonic memorial village,maryborough,2541,sa,19421008,3997529,650
jared,beal,9,palmer street,hollybrooke,southern river,4811,nsw,19400526,7240930,651
charlie,,4,terewah circuit,legacy v lge,crib point,6167,nsw,,1597495,652
timara,donaldson,33,badimara street,,vermonjt,3071,qld,19790502,2358601,653
riley,morcom,48,newbery crescent,darjeeling,grass valley,3156,nsw,19300117,5460376,654
jacob,white,5,findlay street,booroopki park rmb 596,robina,2197,vic,19170205,4702928,655
isabelle,webb,41,willoughby crescent,kalang,coffs harbour,6061,vic,19140326,6607738,656
jesse,hanna,23,wattle street,toolooa,ingleburn,4500,qld,19920424,2622949,657
lucas,rawlings,11,paul coe crescent,glenefer garden,wanniassa,6122,vic,19141102,5141107,658
jeremiah,andretzke,35,hawdon street,occar,burleigh waters,3189,vic,19281031,3150767,659
liam,wilde,11,melbourne avenue,banksia village,bray park,2612,nsw,19570628,7989054,660
scrbak,mitchell,950,holyman street,berkel ey vlge,safety bay,4300,nsw,19060811,3592109,661
catherine,couzens,4,balamara street,landen,frankston,2099,wa,19080905,8642862,662
white,chelsea,66,glossop crescent,taronga,boulder,6009,nsw,19210810,8587028,663
holly,leong,219,lorne park,kambalda crescent,norton summit,5067,nsw,19000404,8461963,664
georgia,pringle,2,freda gibson circuit,warra creek,,2154,sa,19550212,6569089,665
bridget,pocarl,140,thornton place,crown a llot,east maitland,2114,wa,19860816,8115038,666
jacob,lyen,25,haddon srteet,glenvie w,woodville north,2226,qld,19910424,6426415,667
emmerson,braithwaite,14,forbes street,rosetta violage,wangaratta,2220,nsw,19131231,7841147,668
christina,colemn,506,hall street,rsde 817 wallace,woolgoolga,3063,qld,19070811,6822993,669
griffin,coleman,42,lindrum crescent,lypiatt,hoppers crossing,6054,nsw,19070716,8270503,670
zach,bralic,,fenwick place,saslea stud,hoppers crossing,2344,nsw,19350405,4519427,671
chelsae,hanigan,46,mcmillan crescent,arcadia,fullarton,3037,nsq,19960122,1590938,672
,boulter,20,tazewell circuit,berkeley vlge,potts point,2450,vic,19420722,5269403,673
tristan,white,21,carandini street,southern cross,wilston,4306,nsw,19330405,5858851,674
caleb,ferris,41,grattan court,hardways,hoppers crossing,2060,wa,19960205,2947945,675
malskai,mcvey,109,budden crescent,billen cliffsc aravn park,manly v ale,2295,nsw,19030707,7911018,676
malakai,mcvey,109,budden crescent,billen cliffs caravn park,manly vale,2259,nsw,19030707,7911018,677
chloe,gillard,3,crisp circuit,banksia,kenilworth,4218,wa,19200820,8072668,678
pia,sherriff,352,birdwood street,st vincents medical centre,mosman,7008,nsw,19500313,3153641,679
sarah,fleet,35,pocket avenue,ironbark lodge,port lincoln,4557,vic,19131207,9954629,680
max,varano,16,birrigai square,arabian stud kelkette park,dandenong north,6051,vic,19700713,7737012,681
campbell,ryan,15,coningham street,laguna retirement village,mount nelson,3059,nsw,19460529,9805743,682
aidan,berry,20,lempriere crescent,fair lea,bibra lake,3228,nsw,19280621,5213963,683
chloe,mason,5,murranji street,pieracle,newborough east,2540,nsw,19010716,9389496,684
archer,shepherd,7,cullen street,monrtoe,williamstown,2032,nsw,19670318,3005717,685
adam,caire,45,matina street,rowethorpe,colac,2615,vic,19371028,6500124,686
mikhayla,blunden,50,andrews street,killarney,east innisfail,4131,qld,19500525,5328045,687
elle,nicklason,5,beetaloo tsreet,,trafalgar,5207,wa,19460919,5092794,688
emiily,george,4,barnett close,west gippslan d hospital,modnury,5235,,19861104,3211932,689
isaac,webb,31,bemm place,aldinga b each court,hillside,2261,qdl,19430106,1608224,690
hayden,jolly,7,heard street,wondersun,bayswater,5034,nsw,19950410,3682559,691
lochlan,savidge,41,pohlmanfstreet,moline vlilage,jingili,3071,vix,19140228,1498207,692
kyle,bullivant,4,woolrych street,amble side garden,rosebud,3192,wa,19590523,7453525,693
connor,white,13,forbes street,,samsonvale,2750,nsw,19750830,7773745,694
claudia,eglinton,50,glenelg street,lansdowne,roleystone,4556,vic,19811022,6033620,695
kallie,jardine,27,birrell street,c/-cummins theatre,athol park,2218,vic,19091111,9225358,696
thomas,glass,3,casey crescent,greenslopes,eimeo,3204,vic,19071027,4363227,697
kelsey,stubbs,48,knaggs crescent,calderwood,tingalpa,3194,nsw,19510317,7684584,698
talan,campbell,15,heydon crescent,stockwekl hotel,diggers rest,3053,qld,19650220,2173865,699
christina,coleman,506,hall street,rsde 817 wallace,woolgoolga,3073,qld,19070811,6822993,700
nicholas,ryan,59,windeyer street,mafeking,belmont,4031,wa,19421110,8430399,701
james,green,12,richards street,denture clnc,laverton,4157,nsw,19170828,2482106,702
davila-sanhdars,dante,303,wild street,surama,avondale heights,2029,wa,19120206,2609420,703
michael,belci,1,chisholm street,carrington garden,torquay,5085,sa,19300418,1023877,704
maddison,berry,76,rosenthal street,harbour town shopping centre,golden grove,2560,sa,19840928,6298753,705
kirra,menzies,10,flt 68,woralul street,orford,2615,nsw,19940915,9654146,706
joshua,price-austin,04,kingsmillcstreet,shalvah,mullumbimby,4032,act,19210303,8406694,707
douglas,mycko,,biraban place,,loganholme,2103,vic,19500411,3256786,708
archie,wilkins,80,skinner street,yandar ms 582,bethania,6415,sa,19030316,7761516,709
danielle,huupponen,23,larcombe crescent,peak view,applecross,4305,qld,19100207,2577535,710
alexandra,britten,66,finniss crescent,guyra,montmorency,3226,qld,19581231,6358553,711
joshua,bishop,53,d'hage court,dovers flat,salt ash,3629,vic,19590302,8180464,712
archer,shepherd,7,cullen street,montrose,williamstown,2032,nsw,19670318,3005717,713
fergua,crofuch,444,charlotte street,queens lake village,brighton,2221,nsw,19160610,4908402,714
benjamin,mcphail,33,stralia place,martins well station,umina beach,4814,qld,19481218,6563107,715
sophie,mewett,11,sculptor street,west road,blacktown,5034,vic,19081112,5955980,716
phoebe,averis,31,tipiloura street,rosetta village,boronia hvights,4868,qld,19991012,1441726,717
brooke,coulson,1,tristania street,diamond downs,chester hill,2147,qld,19590522,5892169,718
fenwic k,william,,madigan street,wearmouth,emerald,2577,nsw,19540307,1158377,719
hannha,ottens,65,jacka crescent,rmbe 77d,sunshine beach,2085,msw,19350612,4219398,720
alexandra,britten,67,finniss crescent,guyra,montmorency,3226,qld,19581231,6358573,721
cooper,clarkr,150,beetaloo street,nioak,tweed heds south,3121,tas,19490705,4590339,722
talyaj,webb,18,richards s treet,bishops creek,burleigh waters,2230,qld,19160729,7328160,723
koula,campbell,4,angophora street,,blacktown,3350,qld,19550222,4031513,724
bailey,glass,3,casey crascent,greenslopes,eimeo,3204,vic,19071027,4363227,725
hayley,procter,23,paul coe crescent,the lakes village,port lincoln,4109,sa,19500121,4063636,726
giaan,block,41,pickles street,medical centre,seaforth,2223,wa,19020327,5548404,727
sarah,coulson,12,deumonga court,city centre plaza,newstead,3083,nsw,19970107,2371619,728
joshua,porotschnig,9,shepherd street,rockview,limeburners creek,3120,nsw,19130422,7255490,729
alex,griffen,155,lambertm street,broadbricge manor,kilsyth,4822,vic,19381213,7355934,730
karli,nelsen,2,hugs lane,linvale,ivanhoe,4035,nsw,19570420,4841894,731
mason,hyland,29,blackburn street,bonny farm,cronulla,5491,nsw,19630809,5204795,732
riley,siviour,15,tubb place,rocor,ivanhoe east,3186,nsw,19080709,3126008,733
brooke,pennell,32,jervois street,wheatlea,moorabbin,4821,nsw,19641212,7585474,734
thomas,campbell,29,orion place,brookfield,kyabram,4207,nsw,19040329,6634897,735
daniel,morrison,25,bellchambers crescent,ascot park,,4514,vic,,8699433,736
emiily,prieaux,102,hicks street,loccnn229,bondi junction,5011,sa,19420429,1107619,737
alicia,bloomfield,2,hastings court,sunny glen,eleebana,2430,vic,19980422,4531319,738
ballantyne,jessica,8,medworth crescent,rowethorpe,pen rith,4213,nsw,,1155058,739
mason,hyland,41,blackburhn street,bonny farm,cronulla,5491,nsw,19630809,5204795,740
nguy en,elixa,29,buxton street,fergson oldge,cunnamulla,2257,sa,19260626,4722136,741
jacob,simmonds,54,jukes street,wee wilbertree,bunbury,7264,wa,19580404,1030443,742
isabella,walpole,31,donnison place,gairnshile rsd 225,dapto,2390,nsw,19881222,6386893,743
annablle,kounis,121,calder place,brambletye vinyard,joondkalup,3120,nsw,19640907,1612956,744
joshua,price-austin,40,kingsmill street,shalvah,mullumbimby,4032,act,19210303,8406694,745
jack,,4,pearcey pclace,landen,black rock,2763,vic,19020712,6151476,746
sophie,lovelock,26,chant street,durraween,williamstown,2650,vic,19371223,3072763,747
josephine,kilby,,collicott circuit,lassaan,success,2795,wa,19941116,2952029,748
blake,bailey,31,foxall sreet,nioka,miling,7322,nsw,,4346541,749
matthew,lock,24,mackenziestreet,brookvale,corrimal,6450,vic,19220401,1432585,750
chevonne,walkley,9,milbus place,gullamurra,kirwan,3156,nsw,19300524,4430821,751
liam,musolino,199,irvine street,st francis vlge,campsie,5085,vic,,8919853,752
abbey,fitt,13,kosciusko avenue,the wharf complex,yass,2594,nsw,19870510,7661096,753
caleb,dixon,1429,lambell close,glenmore,toronto,3634,tas,19860422,3569365,754
,swiggs,1,givens street,bonnington,kyogle,2170,qld,19521123,1256379,755
esther,arbuckle,8,kanooka street,ashgrove farms,windang,4064,nsw,19540918,8789649,756
aym,dudlley,8,wambool street,little forest,old toongabbie,2080,nsw,19890710,2352537,757
riley,heuston,54,chaseling street,locn 341,leongatha,2730,qld,19850807,3587494,758
tori,fleet,1,tallara parkway,,wangaratta,2213,vic,19601101,5089409,759
giaan,bloca,41,pickles street,medicalcentre,seafouh,2223,wa,19020327,5548404,760
holly,northway,3,collingridge street,brentwood vlge,sunshine,2324,vic,19850215,5614773,761
emiily,george,4,marawa place,west gippsland hospital,modbury,5253,qld,19861104,4599952,762
zali,seen,38,hay street,oakda le,rapid creek,7250,nsw,19411227,3817305,763
aiden,ree,27,,curra park,wellington point,3765,nsw,19260203,3404730,764
tiahana,gaskin,12,crisp circuit,community hosptl medcl centre,kurri kurri,2622,vic,19190716,4264536,765
talai,lund,1,welsh place,blackduck valley,taigum,2224,tas,19140929,4851007,766
lara,osfield,144,hall street,karoola delungra,glenwood,2259,nsw,19500316,5705799,767
isabelle,lowe,27,grainger circuit,kangarilla,point turton,2450,vic,19980310,7007836,768
ella,reid,,twamley crescent,stanton,peterborough,3677,qld,19090330,4720157,769
connor,white,13,forbes street,lyndale,samsonvale,2750,nsw,19750830,7773745,770
talyah,bradshaw,47,santalum street,warrambah,pennant hills,3214,qld,19010925,3590603,771
jacob,steane,43,mighell place,burramunda,hazelwood north,4305,sa,19910517,8470247,772
marlow,fraser,8,evelyn owen crescent,yarand oo wing,ermington,3000,nsw,19731008,2195286,773
willow,ryan,764,bradfield street,sec 209 clifton farm,mount colah,4053,nsw,19930803,8141746,774
teilah,webb,6,blanc court,illoura gla ss studio,rosewater,2913,qld,19090609,2419139,775
jack,ryan,21,bayly place,pacific terraces,cleveland,4171,vic,19611215,9791141,776
charlotte,campbell,14,wuronga hill street,granite hill,punchbowl,3084,nsw,19350506,9910011,777
kyle,rundle,107,greenhood place,willows trees,brighton,5074,nsw,19460902,6532949,778
ethan,andersch,67,augustus close,riverbank offices,blacktown,2641,nsw,19271026,3361297,779
darcy,hochuli,22,lawrence close,cutler vill,sefton park,2380,tas,19370607,8750602,780
annabella,bordeaux,1,federal highway,killara lodge,bucasia,3000,qld,19111016,7679165,781
beardon,lachlan,9,boolee street,malkiel,penrith,4212,nsw,19820514,1325139,782
mikhayla,clarke,61,vincent place,,allambie heights,2146,vic,19900107,1806059,783
dakota,moreoin,33,longmor ecrescent,three acres,forrestfield,2710,nsw,19151229,5031530,784
caitlin,clarke,,sternberg crescent,promenade arcade,rankin park,3909,nsw,19680216,9737004,785
charman,blade,24,mcvilly cose,inglemet,cooran,4211,nsw,19980531,1125609,786
rickett,oliver,194,sturt afenue,shoppingcentre,jamedtown,2256,qld,19431020,6090460,787
sachin,connerty,4,appel crescent,bullecourt,merrimac,4132,wa,19820801,5307605,788
kelsey,noble,,jagara street,,belmont,4224,vic,19361229,9679375,789
daniel,couzens,37,coventry close,cressbrook,mount eliza,5073,nsw,19881127,6934299,790
toby,white,35,esperancep street,,bicron,2064,wa,19800820,7210381,791
julia,hilton,39,antis street,the village condo 7,melville,3074,vic,19750925,6121701,792
shantal,meaney,15,cockcroft avenue,seabank,pakenham,2114,vic,19810717,9937720,793
april,harrington,123,slessor crescent,glebe garden,wisemans ferry,2517,nsw,19111101,8853061,794
cochrane,renee,31,gledden street,,forreton,2011,qld,19880821,4922108,795
sarah,bradshaw,9,de little circuit,mermaid plaza dental centre (cnr gold co,canley vale,3065,nsw,19090923,1686730,796
lawson,reece,12,steffanoni circuit,stonehouse,hopetoun,2081,wa,19750608,1671546,797
jad,gildrea,2,mccawley street,nr cnr school art,malvern,6722,qld,19440429,8069828,798
isaac,quilliam,11,namatjira drive,delaw are,geelo ng west,3027,nsw,19930926,1556150,799
benjamin,liapis,28,turriff street,phillip lodge,walpole,3146,nsw,19770104,7181173,800
chloe,mayer,31,tuthillplace,poldoe park,illawarra,2214,wa,19800326,3867233,801
james,blake,19,sturt avenue,laloki,carnegie,2218,nsw,19050716,4003660,802
nacoya,lowe,381,sherbrooke street,bright view,pimlico,2261,qld,19050204,9128171,803
harriet,belperio,3,hawker place,lakeview park,roselands,3206,qld,19160115,5056485,804
kyle,limbert,7,dandeno n court,brokenspoke,springwpod,3143,nsw,19080527,2479285,805
emma,speight,8,investigator street,willaroo,tweed heads south,2770,vic,19630623,5061534,806
scrbak,ethan,2489,de burgh street,glenduarel,como,3156,vic,19100409,8766958,807
andsew,matthas,15,oxley street,wagunyah,campsie,3153,nsw,19700701,9943935,808
molly,sushames,44,maclachlan c street,,lakemba,3191,qld,19910608,4688332,809
samuel,,15,jabanungga avenue,wattle place,brighton,3199,vic,19870903,8943942,810
darcy,webb,15,bywaters place,airforce memorial estate,lake munmorah,5041,vic,19990221,3476734,811
dylan,dolby,110,dookie street,kellhaven,lindfield,2251,nsw,19660611,2162628,812
tiana,luchetti,112,totterdell street,villa 5,toowoomba,2008,sa,19050127,2712503,813
april,hope,,limestone avenue,west,como,2734,nsw,19310625,8416850,814
ruby,fogg,58,illingworth street,glenmore,floreat,3021,wa,19330914,7455590,815
monique,millar,45,richardson circuit,caravn park,westmead,3104,vic,,2679526,816
jacob,walls,61,atherton street,indra,st kilda,3194,nsw,19490530,1057415,817
jessie,gasparin,38,southwell street,,kingaroy,2260,vic,19621119,7819359,818
alicia,asher,29,flanagan street,leitches ck,rodds bay,4119,tas,19620928,9386345,819
zebediah,mcpahil,94,langdoneavenue,jandarra,patterson lakes,3029,qld,19920711,2109237,820
caleb,ferrus,4,grattan court,hardways,hoppers crossing,2060,wa,19960205,2947945,821
adam,perl,150,shean place,gungahlin market place,glengarry,2155,vic,19330624,7388490,822
finley,haeusler,27,noarlunga crescent,sprin g ridge,namnour,3180,vic,19660711,3025217,823
riley,thorpe,110,patten srreet,mt pleasant,sylvania,3913,nsw,19390302,1368566,824
teegan,dreckow,6,lawrence crescent,rosetta village,mona vale,4074,nsw,19750629,4075592,825
luke,polmear,28,hawker street,mountview,moorooka,2540,wa,19340630,6578653,826
kayla,honeychurch,,sturt avenue,dimenttowers,ashgrove,2405,vic,19140727,7800242,827
harry,ryn,5,kellway street,rowethorpe,toowong,3931,nsw,19220503,7228670,828
annabelle,clapham,312,francis street,aptmnt 42,worrigee,4160,nsw,19770513,9692668,829
jasmine,green,29,yarrow place,,kalaru,6111,qld,19530609,2686006,830
claire,gooee,2,powellstreet,roge r dee,orchard hills,2233,wa,19090817,9266527,831
madalyn,pries t,2,fitzalan street,,paddington,2031,qld,19530429,1086126,832
whtie,brandon,11,winser crescent,,,5159,qld,19381201,9695343,833
alicia,asher,,flanagan tsreet,leitchrs ck,rodds bay,4119,tas,19620928,9386345,834
dante,davila-sanhdars,303,wild street,surama,avondale heights,2029,wa,19120206,2609420,835
rosa,lombardi,36,yerralee road,leisure living vlge,carlsruhe,3149,qld,19870919,1613132,836
kyle,crouch,128,faunce crescent,bulga wine estates,kingston,2257,nsw,19110126,9092700,837
annika,ryan,21,bayly p lace,pacific terraces,cleveland,4117,vic,19460406,9791141,838
zali,seen,38,hay street,oakdale,rapid creek,7250,nsw,19411227,3817305,839
edward,hudd,6,namadgi c ircuit,,forest hill,2456,vic,19740727,3658978,840
chelsea,white,66,glossop crescent,taronga,boulder,6009,nsw,19210810,8587028,841
jasmine,gibb,72,allwood street,coolibah,bellambi,5142,vic,19850502,1488892,842
lewis,bishop,1,fawknerstreet,athlone,deepwater,7018,vic,19410829,8879962,843
jacob,green,2,jerome place,kalkee,kings cross,6050,act,19770519,4058972,844
jack,matthews,17,herron crescent,broadmere,highton,2035,vic,19081119,5613395,845
john,van'wt hof,5,morshead drive,ocean crt (cnr beach s street,maida vale,2475,vic,19360109,9574272,846
shelbey,siggins,43,carroll street,albion grove,tin cam bay,4359,qld,19871105,6396028,847
ethan,andersch,67,augustus close,riverbani offices,blacktown,2641,nsw,19271026,3361297,848
mikayla,giannaris,80,gollan street,sea breeze caravan park,abbotsford,2516,wa,19560825,4797460,849
allegra,reid,27,,oakdale,kirwan,3922,nsw,19790121,2438295,850
daniel,rickett,182,adamson crescent,,glen innes,2505,vic,19550105,9436200,851
isabella,woodbury,134,shara place,byrontatrcade,parkside,2448,nsw,,8116238,852
hayden,vincent,4,tarana street,aprt 59,forster keys,4670,wa,19511009,3538832,853
georgia,grosser,8,foxall street,willaroo,lockwood,3338,nsw,19321106,8000491,854
nicholas,maynard,127,gidja place,kay's place,sellicks hill,0870,vic,19311015,4367680,855
,sedecki,12,derrilin place,longstay caarvn park,loganholm e,4061,nsw,19801116,2990764,856
emma,lademan,127,badimara street,frm 654,kendall,4227,qld,19621226,7489264,857
mitchell,boxer,40,keysor place,avalind,toorak,4480,nsw,19730218,4520071,858
callum,fauser,,sandover circuit,eagleview,clare,3021,nsw,19970227,2873125,859
lavis,henry,12,rankeo place,rosebery hill,piggabgen,0870,nsw,19640314,4307152,860
macgo wan,darcie,17,james street,nulama village,north cuml curl,3030,nsw,19880925,9627942,861
zoe,vasiliev,8,streeton drive,beaumonts beach house,eudlo,2213,nsw,19490714,6243849,862
darcie,macgowan,17,james street,nulama village,north curl curl,3030,nsw,19880925,9627942,863
timothy,zaluski,94,fraser court,,mount melville,3095,vic,19841003,9265651,864
jackson,shevchenko,495,kavel street,clarence village,westlake,6162,wa,19511003,2684928,865
,weller,2,wittenoom gcrescent,nerrgia,ashford,4656,qld,,3001876,866
cooper,culbetson,30,dow sthreet,,sea lake,4024,nsw,19951031,7943540,867
amy,dudley,8,wambool street,little forest,robina,2080,nsw,19890710,2352537,868
lara,matthews,6,beaumaris street,sunforest therapy centre,the basin,4179,nsw,19911006,2164704,869
alex,bullock,7,shoalhaven avenue,druid'soak,cromer,2300,nsw,19460903,5781510,870
mathilde,delvediep,6,giliruk crescent,,ivanhoe east,3011,qld,19050429,9842233,871
mikhayla,clarke,16,vincent place,,allambie heights,2146,vic,19900107,1806059,872
taylah,webb,18,richards street,bishops creek,burleigh waters,2230,qld,19160729,7328106,873
e mma,moyse,,hallsville,biggs place,croydon north,6225,vic,19940601,7231579,874
andrew,matthews,15,oxley street,wagunyah,campsie,3135,nsw,19700701,9943935,875
chelsea,crute,48,national circuit,omaru,,3630,nsw,19600818,3808742,876
isabella,woodbury,134,shara place,byron arcade,parkside,2484,nsw,,8116238,877
sophie,cnoboy,9,learmonthh drive,,st albans,3163,,19360910,6636386,878
ronna,bordeux,1,federal ighway,killa ra lodge,gorokan,3000,qld,19111016,7679165,879
archer,pocaro,140,thornton place,crown allot,east maitland,2114,wa,19860816,8115038,880
bejnamin,liapis,28,turriff street,philli p lodge,walpole,3146,wa,19770104,7181173,881
tahlua,holdwnby,60,kaveneys road,villa 5,nwora,2530,vic,19200814,1108438,882
sarah,browne,16,longstaff street,,loftus,6430,qld,19300723,2530650,883
vanessa,blake,39,wheeler crescent,yarrabin,berwick,3051,wa,19630305,3180257,884
april,hope,148,limestone avenue,west,como,2774,nsw,19310625,8416850,885
joshua,ingelbs,14,arabana street,tatyara,port lincoln,2352,vic,19080503,3603864,886
ben,musolino,173,kathner street,chactor,hamilton,3068,vic,19770911,7509483,887
daniel,hanna,19,muntz street,,yagoona,5000,wa,19241216,8994110,888
chloe,beatie,82,burkitt street,flowerpot,leichhardt,2152,nsw,19460711,9678010,889
chelsea,hanigan,46,mcmillan crescent,arcadia,fullarton,3037,nsw,19960122,1590938,890
burford,jack,26,noongale wcourt,kiandra,highgate,2614,vic,19101115,3392254,891
bianca,demetriou,22,jenning sstreet,ahwahnee,dapto,3216,nsw,19261103,8066334,892
matthew,mccarthy,28,banks street,old farm,mooroolbark,6108,nsw,19161230,5341202,893
cnono r,stitz,43,skinner street,banksia village,artawrmon,6330,qld,19650512,7196421,894
joshua,ingels,14,arabana street,tatyara,port lincoln,2325,vic,19080503,3603864,895
zakariah,hoyland,82,rooth place,pindaramedical centre,dianlela,6164,qld,19900707,6754522,896
hattie,white,20,ebden street,arkaba,lalor,4750,nsw,19250301,2133927,897
james,webb,72,gamor street,,paradise waters,4030,qld,19980701,3435792,898
charlee,reece,12,steffanonui circuit,,hopetoun,2081,wa,19750608,1671546,899
chloe,whetstone,59,chuculba crescent,telooma,hamilton,3028,vic,19910803,1173489,900
murry,cooper,12,werriwag crescent,hellemere pillage,yackandandah,6280,nsw,19750818,7861721,901
ja ck,matthews,17,herron crescent,broadmere,warnbro,2035,vic,19081119,5613395,902
amberr,coulson,26,,meilene retirement,whitfield,3986,nsw,19950320,3079240,903
evangelia,,4,naas rrad,wync liffe,gwandalan,2006,act,19820125,1025941,904
elle,millpar,45,richardson circuit,,westmead,3104,vic,,2679526,905
claire,crook,9,basedow street,oyster farm,wanniassa,3146,vic,,2161417,906
sam,beams,1,albermarle place,narla vlge,hastings,2614,nsw,19720806,8981588,907
emma,ladeaman,127,badimara street,frm 6 54,kendall,4227,qld,19621226,7489264,908
james,jeslser,53,howe crescent,nuffield v illage,st clair,4215,vic,19120111,5961736,909
mikhayla,wiechec,58,gilmore crescent,walkabout palms,goonellabah,3138,qld,19581122,7137361,910
tristan,white,21,carandini s treet,southern cross,wilston,4306,nsw,19330405,5858851,911
jade,matthews,49,ballonnest street,combogolong,young,6065,sa,19581231,5023792,912
brianna,white,18,dakin place,rosevillea,ballina,4860,vic,19130918,8384544,913
nicholas,matthews,19,james smith circuit,old weeroona,dulwich hill,4170,sa,19570116,9908807,914
jaime,karlsen,18,gloverastreet,kingaryog arden,scarborough,5070,nsw,19190102,4936525,915
eliza,giannikouris,35,ebeling court,dooducinn,seymour,3162,qld,19781218,6927093,916
dominey,timothy,23,bacchus hircuit,frankston car avan park,werrington,2405,vic,19600222,3125388,917
breana,domkus,112,frome sr eet,jerra bung,maribyrnong,3011,tas,19320411,5753874,918
white,jacob,5,findlay wtreet,booroopki park rmb 596,robina,2197,vic,19170205,4702928,919
lara,osfoeld,144,,karoola de lungra,glenwood,2295,nsw,19911030,5705799,920
james,jesser,53,howe crescent,nuffield village,st clair,4215,vic,19120111,5961736,921
,querzoli,75,sloane gplace,park lane estate,mounteliza,3083,nsw,19860522,4577875,922
kirah,mccarthy,14,laseron place,,winmalee,2073,wa,19400306,2583973,923
talia,ho,117,illingworth street,liselican,wynnum west,3201,vic,19740208,2143356,924
betie,nguyen,3,green street,the willows,aspendale gardens,2103,nt,19200216,9529557,925
alia,streich,47,maranoaa street,rocky kend,rowvile,6152,vic,19790418,1975340,926
thomas,campebll,29,orion p lface,brookfield,kyabram,4207,nsw,19040329,6634897,927
van groesen,chelsea,50,ern florence crescent,gowen,marybroough,3130,vic,19910211,6103266,928
douglas,mycko,,biraban place,,loganholme,2013,vic,19500411,3256786,929
,lipscombe,14,clift crescent,willandra,malvern seast,3073,nsw,19260101,3537397,930
,white,25,jacka crescent,,marmong point,7250,wa,19280224,5596702,931
joshua,dixon,12,lawrence rescent,the willows,freshw ater,3143,sa,19450424,1432908,932
lauren,beattie,11,rubbo cre scent,welcome swallow angus illalangi rmb 1800,stanmore,2444,qld,,7554071,933
isablela,loddwr,156,messenger street,,bayswtaer,4870,vic,19650714,2790666,934
ryan,campbell,15,coningham street,laguna retirement village,wynyard,3095,nsw,19460529,9859620,935
,campbell,85,madigaqnstreet,brentwood vlge,killara,4102,nsw,19870205,3211066,936
riley,thorpe,1,patten street,mt pleasant,sylvania,3913,nsw,19390302,1368566,937
charldotte,campbell,14,tenison-woods circuit,granitg hill,punchbowl,3084,nsw,19350506,9910011,938
aloysius,pegg,4,meldrum street,forster specialist medical centre,woodend,5037,sa,19530306,5615832,939
chloe,mason,5,murranjni street,piercale,newborough east,2540,nsw,19010716,9389496,940
zach,brhalic,,fenwick place,saslea stud,hopperscrossing,2344,nsw,19350405,4519427,941
emiily,coleman,108,chewings street,berkeley vlge,wellington point,2550,nsw,19421221,7206933,942
emiiyl,coleman,108,chewings street,berkeleyv lge,wellington point,2550,nsw,19421221,7206933,943
adam,croupch,930,crozierlcircuit,willow side versey stud,cressy,3777,nsw,19011112,3380075,944
jamie,meixner,7,hibiscus rescent,bandicootridge,atherton,4109,nsw,19670124,1197846,945
mitchell,berry,1,braine treet,,smithfield,3188,nsw,19400503,2887622,946
nacoya,lowe,381,sherbropke street,brigh t view,pimlico,2621,qld,19050204,9128171,947
daniel,marcwc,11,barnes place,country c lub,wynnumdwest,5108,wa,19310308,8550692,948
joel,white,102,maray place,rosehill,belmont north,4870,tas,19291115,4676821,949
melanie,paine,4,andrews street,rosetta village,salisbury east,3095,qld,19521118,2053758,950
kyle,glass,59,wyselaskie circuit,ap t 710,wyong,3930,nsw,19241221,6908529,951
kyle,reuter,185,padbury street,burnside,corowa,4703,nsw,19251011,6546519,952
mitchell,berry,1,braine street,gowrie,smithfield,3188,nsw,19400503,2887622,953
tyler,heerey,14,phillimore place,allandale,surry hills,2529,qld,19421103,3165960,954
,weller,7,wittenoom crescent,nerriga,ashford,4655,qld,19990716,3001876,955
hudson,gaildis,21,a'beckett street,acadia,cookshill,4553,act,19500629,6594162,956
joshua,beelitz,5,bargang crescent,,greencre,6018,nsw,,3380428,957
julia,lombardi,3,moorhouse street,salford waters re,ashwooe,2251,vic,19150122,8397643,958
emmerson,braithwaite,14,forbes street,rosetta village,wangaratta,2220,nsw,19131231,7841147,959
charlotte,satterley,41,counsel street,hilltop hostel rowethorpe,berwick,4556,nsw,19151209,4658473,960
samantha,white,11,macgregor street,ararat turf club,kinross,3304,sa,19790126,7912985,961
fergus,crouch,444,charlotte street,queens lake village,brighton,2221,nsw,19160610,4908402,962
jacob,varano,2,magrath crescent,bandera,auburn,2210,vic,19411202,1499165,963
esther,arbuckle,8,kanooka street,ashgrove farms,windagn,4064,nsw,19540918,8789649,964
hayley,sherriff,11,,lewin lodge,denistone east,2766,nsw,19120607,7562395,965
jack,mcphie,155,shumack cstreet,,clayton,4504,nsw,19720208,9497108,966
chevonne,tognolni,9,milbus place,,kirwan,3156,nsw,19300524,4438021,967
grace,vincent,30,hargraves crescent,,collie,2290,act,19490123,3823565,968
jessie,gasparin,38,,,kingaroy,2269,vic,19621119,7819369,969
ruby,fogg,58,illingworth street,glenmohe,floreat,3201,wa,19330914,7455590,970
sophie,mewett,11,sculptor street,west road,blakctown,5034,vic,19081112,5955980,971
jasmine,green,29,yarrow place,my ool,kalaru,6111,qld,19530609,2686006,972
stephanie,george,6,young street,gowrie,brighton-le-sands,2325,qld,19260627,8708965,973
alexandra,adche,13,badimara street,winter park,cooltong,4121,vic,19481129,6792452,974
flynn,rokobaro,12,herschell circuit,killarney,lawrence,2227,nsw,19720812,1451137,975
chloe,kyriacou,12,mulga street,inglewood,mitchzam,4013,nsw,19480827,3985717,976
lewis,bishop,1,banfield street,athlone,deepwater,7018,vic,19410829,6196273,977
adam,perl,150,shean lpace,gungahlin market place,glengarry,2155,vic,19330624,7388490,978
stephanie,nevin,,gooromon ponds road,wiluna,hawthorn,2567,nsw,19860305,3779921,979
matthew,lock,92,mackenzie street,brookvale,corrimal,6450,vic,19220401,1432585,980
karli,alderson,144,nulsen circuit,iowanna,tings lpa,3139,nsw,19510826,9541034,981
maddison,berry,47,rosenthal street,harbour town shopping centre,golden rgove,2560,sa,19840928,6298753,982
imzogen,akroyd,14,everard street,strathalan co mmunity,marsfield,3219,qld,19301206,4816613,983
micaela,siggins,43,carroll street,albion grove,westbury,4359,qld,19871105,6396028,984
joshua,dolan,98,colborne place,warowiw,lindfield,3568,nsw,19521116,9500871,985
micthell,boxwbr,40,keysor place,avslind,toorak,4480,nsw,19730218,4520071,986
claire,crook,9,oyster farm,basedow street,,3146,vic,,2161417,987
holly,siemers,8,strachan place,kootingal,beaudesert,2104,sa,19610319,4858108,988
rosie,campbell,15,heydon crescent,stockwell hotel,diggers rest,3053,qld,19650220,2173865,989
hollie,bishop,186,dolling crescent,clifden,tarana,3121,nsw,19721009,1052176,990
luke,akkermans,23,,calala farm,balwyn north,4872,vic,19050323,5092830,991
isabella,defrancesco,24,meyrick place,marx garden world,wellington point,2759,vic,19040819,8342399,992
layla,ryan,720,tregellas crescent,carinyav lge,collinswood,3400,nsw,19920526,7041054,993
zoe,campbell,167,cambridge street,kyeema,frenchs forest,2141,sa,19400222,3000636,994
stephanie,geu,28,bainton crescent,masonic memorial village,maryborough,2541,sa,19421008,3997529,995
nicholas,,289,britten-jonues drive,jabaru court,paddington,2000,vic,19970422,5062738,996
lachlan,katsiavos,29,paul coe cdrescent,,casual,2913,nsw,19380406,4112327,997
monique,gergely,21,harwoos court,hyberni a park,sherwood,2207,nsw,19790807,7375144,998
,mcveigh,45,bougainville street,kimberley,ourimbah,6060,wa,19360219,8243761,999